Name,Gender,Age,HomeTown
Tyler,M,20,Kutacane
Symon,M,58,Frösön
Nappie,M,55,Cabatang
Asher,M,36,Alibago
Sioux,F,36,Washington
Rey,F,69,Gerdu
Pinchas,M,27,Colombes
Marchall,M,19,Sundumbili
Leonard,M,68,Ozëry
Mala,F,17,San Casimiro
Rica,F,52,Magway
Colleen,F,62,La Roxas
Harriott,F,23,Štitar
Forrest,M,32,Cibeureum Satu
Fay,F,67,Xiheshan
Ivor,M,51,Cangqian
Kristal,F,37,Alangilanan
Kerry,F,49,Renliu
Olive,F,17,Eskilstuna
Ricky,M,68,Cabrela
Ode,M,36,Ранковце
Wilbur,M,45,Dianshui
Pamelina,F,39,La Soledad
Farr,M,40,Phan Thong
Catriona,F,34,Itambacuri
Franklin,M,62,Zolotkovo
Phoebe,F,54,Gordeyevka
Maurita,F,47,Minglanilla
Stormi,F,65,San Antonio
Ailyn,F,47,Cariaco
Salvidor,M,27,Juranalas
Antons,M,45,Główczyce
Wilfrid,M,20,Mueang Nonthaburi
Wyatt,M,31,Emmaboda
Augustin,M,50,Babura
Jenna,F,14,Sangali
Gallagher,M,57,Yidu
Bernardina,F,23,La Seyne-sur-Mer
Korie,F,63,Qilin
Elva,F,28,Badu
Aubert,M,57,Zykovo
Ignaz,M,23,Betim
Patric,M,20,Skien
Jo ann,F,49,Enskede
Shanon,F,62,Xianju
Darb,F,22,Łapanów
Margareta,F,53,Mirzāpur
Torrey,M,63,San Bernardino
Sandro,M,27,Luso
Teena,F,54,Bulqizë
Rock,M,39,Sukonolo Krajan
Kat,F,24,Batarasa
Merill,M,41,Napak
Rania,F,32,Citeureup
Merline,F,49,Potoru
Crista,F,19,Catbalogan
Orbadiah,M,27,Songgui
Christiano,M,48,Colonia Elía
Aguste,M,68,Itaberaí
Sergei,M,66,Odivelas
Guthrey,M,25,Takāb
Hinda,F,30,Oromocto
Eolande,F,20,Xicheng
Gusti,F,23,Sebasang
Brianne,F,39,Velký Týnec
Trixy,F,33,Asheville
John,M,23,Ikar
Dru,M,22,Piastów
Brittni,F,58,Lewoeleng
Tessa,F,22,Shanggan
Dame,M,70,Lesuhe
Raye,F,57,Fedorovka
Cordie,M,17,San Ramon
Kakalina,F,16,Jianqiao
Wallie,M,43,Swan Hills
Kevyn,F,69,Alpūrai
Kinsley,M,37,Santa Rosa
Kelsey,F,51,Kalkara
Dunc,M,43,Even Yehuda
Riley,M,27,Margorejo
Frannie,M,62,Mumias
Mohandis,M,44,Broniszewice
Arthur,M,62,Svetlogorsk
Simonne,F,31,Yangyuan
Else,F,65,Huakoulongtan
Courtenay,F,13,Al Jamālīyah
Lucho,M,25,Tsant
Rufus,M,36,Kathu
Jeanne,F,27,Angeghakot’
Hillier,M,60,Amurzet
Erie,M,46,Itzer
Carolyn,F,56,Long Beluah
Carrol,M,56,Burgos
Giralda,F,68,Dayou
Eartha,F,36,Arvika
Rozalie,F,36,Stockholm
Kessiah,F,62,Xuezhen
Henrieta,F,53,Palaiochóri
Lazarus,M,56,Qidu
Myca,M,52,Fuming
Gnni,F,38,Ruukki
Baxter,M,53,Huzhuang
Debra,F,25,Ponta Grossa
Morgen,F,70,Rio de Janeiro
Andi,F,25,Golčův Jeníkov
Theresina,F,62,Bocana de Paiwas
Farlie,M,63,Malakand
Colan,M,35,Hanušovice
Rod,M,30,Kupusina
Aldrich,M,58,Sosnovoborsk
Pablo,M,35,Aqtoghay
Elnar,M,30,Tournan-en-Brie
Gaven,M,31,Kendalrejo
Simone,F,20,Stockholm
Guinna,F,58,Panamá
Jeffry,M,42,Loen
Giffy,M,31,Chía
Carlie,F,63,Recreio
Myer,M,54,Saint-Étienne
Ferris,M,43,Smidary
Tanner,M,39,Alderetes
Glennie,F,56,Yihe
Andeee,F,15,Zherdevka
Raoul,M,20,Bělá pod Bezdězem
Mohandis,M,55,Sungaimaja
Joela,F,68,Panglanjan
Milty,M,61,Yehud
Hedi,F,47,Dzüünharaa
Archibold,M,23,Baisha
Darline,F,47,Nossa Senhora de Machede
Cchaddie,M,30,Daming
Gasparo,M,21,Sathon
Corabella,F,31,Santo Domingo
Lelah,F,29,Zigong
Gaylor,M,68,Pantai Ceuremen
Dukey,M,27,Cergy-Pontoise
Doro,F,62,Ngembel
Lorene,F,59,Cihampelas
Rolando,M,27,Akoupé
Glennis,F,28,Menzel Bourguiba
Fionnula,F,65,Haparanda
Yasmeen,F,49,Shiqiaotou
Brew,M,42,Longkou
Keen,M,40,Suban
Giralda,F,52,Santa Rosa de Copán
Christoph,M,28,Nyurba
Simeon,M,40,Syanno
Leighton,M,69,Dongchen
Paulie,M,54,Nesterovskaya
Aguste,M,43,Huanghua
Ros,F,31,Al Qadmūs
Clarence,M,22,Emar
Whit,M,27,Svyetlahorsk
Deane,M,16,Milagros
Con,M,25,Lingmen
Broddie,M,61,Nueva Arica
Jeremiah,M,45,Anoek
Daryl,M,32,Adela
Marshal,M,46,Guinoaliuan
Jerrilyn,F,20,Cikulahan
Gillian,F,40,Länsi-Turunmaa
Edmund,M,33,Pamoyanan
Hallie,F,58,Antanhol
Vittoria,F,29,Strasbourg
Dede,F,70,Piškorevci
Jonathan,M,45,Mayhan
Audrye,F,16,Lyon
Loraine,F,56,Guyang
Quinn,F,63,Xiling
Dar,M,14,Mitry-Mory
Muffin,F,16,Zhujiang
Sharron,F,22,Goraj
Onfroi,M,68,Ińsko
Eugenia,F,36,Lemery
Burton,M,39,Zhdanov
Mindy,F,27,Litan
Gerrie,M,45,Zhenghu
Arlie,F,69,Coelho Neto
Jaimie,M,14,Looc
Tania,F,46,Qintang
Archaimbaud,M,44,Lafiagi
Orlando,M,18,Nangahale
Biddie,F,35,Suqiaoxiang
Darwin,M,16,Karanganyar
Baxy,M,20,Kostrovo
Nadya,F,47,Bagiktinggang
Glenden,M,16,Lindavista
Ansell,M,69,Lordegān
Mireille,F,64,Fāmenīn
Oates,M,13,Bābolsar
Bogart,M,33,Dresden
Rozella,F,23,Katakwi
Donny,M,33,Severoural’sk
Sena,F,29,Coro
Clim,M,15,Itoigawa
Jerrold,M,48,Kawangohari
Drusilla,F,54,Santisimo Rosario
Gregor,M,32,Tlogosari
Theodor,M,49,Nusaherang
Randy,M,60,Vinnytsya
Nerita,F,21,Guiwu
Elga,F,30,Kilkenny
Vidovic,M,51,Zamarski
Bellanca,F,69,Kajan
Hayden,M,42,Nueva Esperanza
Had,M,38,Kapunduk
Sheffield,M,24,San Jose Village
Travus,M,42,Mohelnice
Queenie,F,27,Belverde
Bernard,M,68,Panambi
Ofella,F,14,Huangling
Farah,F,33,Meziměstí
Katrinka,F,13,Yan Nawa
Ansley,F,31,Echarate
Laurens,M,44,Araçoiaba da Serra
Bartholomew,M,47,Krajan Dua Padomasan
Vittorio,M,19,Huesca
Duane,M,23,Mölndal
Bette-ann,F,13,Ngoc Hon Doc
Laurella,F,50,Peer
Les,M,29,Cheonan
Natividad,F,69,Terny
Bail,M,47,Panyingkiran
Glyn,M,40,Ribeiro
Norry,M,23,Kulaman
Kit,M,68,Borovichi
Adan,F,49,Hamberang Sabrang
Wilfred,M,39,Béoumi
Maybelle,F,42,Zavet
Minerva,F,50,Falun
Whitney,F,24,Reshetikha
Zena,F,35,Silvares
Nathalie,F,49,Mansilingan
Renato,M,58,Fanzeres
Raffaello,M,38,Nanlang
Casandra,F,65,Quận Năm
Cello,M,62,Văn Điển
Doy,M,32,Kawengan
Felix,M,65,Gangmian
Dannye,F,37,Akureyri
Lura,F,36,Jingdang
Ruddie,M,45,Nouâdhibou
Adelheid,F,20,Panggungsari
Joanne,F,35,Cap Malheureux
Farleigh,M,47,Ngondokandawu
Amelie,F,36,Junbu
Charles,M,49,Vysoké nad Jizerou
Shane,M,30,Elassóna
Wittie,M,28,Velikiy Novgorod
Odie,M,26,Giesteira
Alisha,F,53,Sydney Mines
Neale,M,67,Sviblovo
Neal,M,27,Xiabuji
Nestor,M,63,Đồng Mỏ
Cecil,M,65,Xiangxiang
Walker,M,54,Ketapang
Jessika,F,54,Maoping
Tybie,F,21,Vänersborg
Eldin,M,29,Pyatigorskiy
Pietra,F,14,Gävle
Brook,F,61,Pereyaslav-Khmel’nyts’kyy
Eustace,M,59,San Basilio
Thekla,F,32,Kebonan
Mattie,M,40,Mýto
Brandyn,M,69,Boavista
Emmery,M,28,‘Alāqahdārī Gēlān
Jerad,M,22,Shaoxing
Frieda,F,25,Logovskoye
Amalea,F,25,Haikou
Geno,M,50,Bherāmāra
Mikael,M,68,Merida
Kirsteni,F,39,Sevsk
Emera,F,15,Madison
Pierce,M,26,Višňova
Riki,F,32,Ruilin
Felicdad,F,17,Sāqayn
Krysta,F,58,Vetluzhskiy
Jameson,M,20,Xingbin
Anny,F,14,Colotenango
Rubia,F,13,Sunfang
Krystle,F,25,Khulm
Hanni,F,61,Yuqi
Rance,M,16,Al Ḩarāk
Lanae,F,27,Villa Nueva
Mead,M,21,Cangshi
Ingamar,M,31,Néa Plágia
Livvyy,F,26,Kuštilj
Isaiah,M,48,Tal’ne
Ransell,M,58,Sarandi
Stevie,M,46,Menghe
Paulie,M,46,General Belgrano
Jasun,M,35,Cilimus Kulon
Antone,M,62,Gérakas
Bonita,F,18,Qutun
Ketti,F,14,Rostokino
Delphinia,F,40,Międzyzdroje
Trixy,F,31,Quận Phú Nhuận
Carr,M,61,Tipaz
Jemmie,F,25,Ribeirão
Beale,M,42,Moyamba
Timoteo,M,31,Herceg-Novi
Gregg,M,23,Newtown
Halette,F,47,Shakhty
Dona,F,26,La Cruz de Taratara
Griselda,F,42,Changtan
Marilyn,F,68,Pobé
Rolando,M,52,Jeju-si
Neils,M,13,Carbajales
Stephie,F,31,Silca
Abagael,F,28,Yucun
Ethelda,F,62,Cholet
Erminie,F,38,Garmo
Johnathon,M,16,Aguisan
Vicky,F,41,Hengjie
Fielding,M,66,Wyszków
Dorita,F,26,Basar
Deane,F,45,Corujeira
Gypsy,F,15,Pedro Leopoldo
Winnah,F,67,Jixing
Liza,F,22,Maricá
Adria,F,59,Nîmes
Vale,M,64,Los Andes
Sibelle,F,70,Pomerode
Tracee,F,55,Amersfoort
Raphaela,F,45,Kunjāh
Raviv,M,54,Baisha
Zackariah,M,30,Anbyŏn-ŭp
Dacie,F,36,Nantes
Fannie,F,51,Duitama
Priscella,F,38,La Cumbre
Welsh,M,14,Chowṉêy
Kristyn,F,44,Besançon
Loreen,F,53,Port Loko
Leontine,F,61,Dawe
Kassi,F,18,Magdalena
Evangelina,F,28,Merapit
Fawn,F,51,Estombar
Bastian,M,31,Banjar Serangan
Wye,M,49,Houzhai
Magda,F,24,Gaotieling
Margit,F,30,Sidi Smaïl
Gael,F,30,Borås
Abigail,F,16,Puma
Burke,M,46,Chittagong
Yank,M,45,São Pedro
Tarrance,M,28,Krajan Caluk
Tomasine,F,63,Abades
Shelby,F,59,Bétérou
Pembroke,M,53,Bauan
Jennica,F,13,Baga Borihe
Jeromy,M,52,Goranboy
Britney,F,26,Qŭrghonteppa
Lock,M,58,Zhelin
Arlin,M,40,Tinabogan
Eleen,F,30,Šentilj v Slov. Goricah
Frank,M,42,Qingqu
Nicky,F,55,Stettler
Marcelia,F,36,Pandakan
Mortie,M,61,Moravský Písek
Franciskus,M,31,Caçador
Homerus,M,35,Loznitsa
Paddy,M,22,Borås
Sibilla,F,56,Lębork
Hesther,F,61,Wobulenzi
Thaddeus,M,20,Espanola
Penelopa,F,68,Indianapolis
Brander,M,21,Longtan
Theressa,F,24,Kyzyl-Oktyabr’skiy
Fairfax,M,21,San Ramon
Melantha,F,69,Port Saint John’s
Rad,M,50,Haduohe
Chiquita,F,27,Glushkovo
Marylin,F,39,Sandviken
Cassius,M,15,Norakert
Lotte,F,31,Plato
Brice,M,56,Chacarita
Loella,F,29,Lanxi
Sofie,F,60,Gornja Koprivna
Dolph,M,53,Guadalupe
Sandie,F,19,Kimil’tey
Marjie,F,50,Litibakul
Ransom,M,63,Kalmar
Mirella,F,43,Santo Niño
Marcos,M,32,Pécs
Eirena,F,66,Loma Bonita
Glenna,F,69,Biecz
Porter,M,32,Vilkija
Calvin,M,21,Palauig
Friederike,F,38,Al Ḩīlah
Ira,M,43,Guanba
Pavia,F,41,Kanbula
Silvain,M,63,Itu
Jerrie,F,20,Štěnovice
Maryjane,F,39,Wangcun
Annadiana,F,27,Columbus
Jimmy,M,47,Royan
Sim,M,68,Laḩij
Arther,M,63,Melaka
Veronica,F,51,Ostrzeszów
Zerk,M,47,Xarsingma
Leelah,F,58,Hongyansi
Aurilia,F,15,Cochrane
Harp,M,64,Skopin
Derward,M,69,Pylaía
Jori,F,52,Ciudad Barrios
Gwenneth,F,25,Anau
Lyda,F,25,Al Mayādīn
Nola,F,70,Verkhn’odniprovs’k
Fidelia,F,51,Pitkyaranta
Hyacinthe,F,55,Youghal
Ivie,F,26,Shiyun
Lem,M,57,Primošten
Ingelbert,M,42,Baizhu
Antonietta,F,27,Stanisław Górny
Eugenie,F,13,Calumpit
Tedra,F,55,Pandansari
Mable,F,44,Adolfo Lopez Mateos
Banky,M,14,Port-Vila
Skippie,M,49,Eha Amufu
Nicko,M,40,Aguadulce
Caleb,M,43,Yoichi
Abagail,F,70,Karbunara e Vogël
Farah,F,38,São Joaquim da Barra
Arlena,F,25,Temirtau
Claiborne,M,70,La Curva
Adrien,M,29,Ibagué
Pauly,M,43,Cimitarra
Arie,M,45,Toamasina
Rollin,M,58,Masma
Tandie,F,18,Jablonec nad Jizerou
Judith,F,39,Chotepe
Leeann,F,67,Nartkala
Rolland,M,14,Akankpa
Veronique,F,53,Néa Kíos
Wendall,M,39,Ajdabiya
Shannon,F,70,Dawang
Bobinette,F,23,Capacho Viejo
Roley,M,15,Matos da Ranha
Fidelity,F,29,Malinao
Lewes,M,15,Panalanoy
Elle,F,62,Novoshakhtinskiy
Billi,F,47,Tongguan
Mace,M,22,Navan
Thom,M,14,Jimsar
Nikos,M,69,Luleå
Peterus,M,50,Wawer
Rickard,M,35,Lousado
Bryna,F,46,Lianglin
Jacquette,F,55,Aoshi
Mikaela,F,15,Solnechnyy
Georgeta,F,18,Birni N Konni
Gwenore,F,59,Krajan
Paxon,M,41,Malikisi
Moselle,F,39,Somdet
Ax,M,27,Librazhd
Corbin,M,50,Sabanitas
Estella,F,41,Duczki
Cristobal,M,44,Gaotian
Leopold,M,30,Candoni
Benson,M,21,Flórina
Bent,M,40,Washington
Ilene,F,39,Abū Qalqal
Normand,M,57,Bergen
Harrietta,F,28,Pakembangan
Auberon,M,28,Niandui
Noe,M,69,Chenguang
Cirstoforo,M,43,Rancapare
Welby,M,26,Caibarién
Elsi,F,18,Preko
Kathi,F,60,Pankrushikha
Min,F,61,Phnom Penh
Benoite,F,34,Lafayette
Wiatt,M,38,Bicurga
Lock,M,22,Surazh
Jaimie,F,24,Zhangxi
Waldemar,M,70,Gupakan
Netti,F,33,Solomenskoye
Torry,M,69,Leran Kulon
Reeta,F,65,Ferapontovo
Loraine,F,13,Guohuan
Sheppard,M,56,Delft
Juliet,F,40,Luotaping
Bastien,M,60,Abadou
Austin,M,50,Novotroitskaya
Dennie,M,58,Togur
Gabriella,F,48,Nuevo Emperador
Emmi,F,44,Baddomalhi
Ami,F,17,Hihyā
Elberta,F,23,Pudasjärvi
Der,M,29,Ban Chang
Angel,F,66,Cucutilla
Andras,M,66,Brétigny-sur-Orge
Ursulina,F,70,Krajan Rowokangkung
Tristan,M,21,Kristiansund N
Kare,F,30,Salingogan
Town,M,17,Suqu
Dayna,F,67,Umeå
Kissie,F,30,Zagreb - Centar
Zebedee,M,45,Chuangwang
Jarrad,M,49,Karang Daye
Fayina,F,31,Jianlong
Di,F,68,San Antonio
Ann,F,31,Jiudian
Illa,F,27,Esperanza
Alvira,F,27,Châu Thành
Philippine,F,47,Hengbanqiao
Woodrow,M,57,Ringinrejo
Meridel,F,64,Matola
Livvy,F,54,Paobokol
Blinni,F,26,Belsk Duży
Clo,F,68,Changzhou
Wheeler,M,43,Hongsi
Kennett,M,15,Nanyanchuan
Biron,M,24,Trelleborg
Onofredo,M,15,Pumai
Zebulen,M,47,Hartford
Matthus,M,14,Krajan Dua Dawuan Wetan
Padriac,M,42,Aygezard
Maurise,F,46,Torino
Merilee,F,45,Hovås
Sosanna,F,70,Dazu
Heloise,F,20,Koumac
Shanta,F,36,Santa Ana
Olav,M,60,Caba
Bendicty,M,39,Casal das Figueiras
Ernst,M,57,São José de Mipibu
Ebeneser,M,41,Mojkovac
Nada,F,23,Khuma
Alfreda,F,58,Tamatam
Allyn,F,43,Ipoti
Lydia,F,63,Iracemápolis
Gael,M,36,Calimita
Roanna,F,52,Yuli
Stuart,M,18,Hepu
Cody,F,54,Qionghai
Amber,F,14,Omoku
Pete,M,47,Sitajara
Freddy,M,57,Bogor
Julio,M,17,Shanga
Ripley,M,58,Wang Yang
Doralynne,F,58,Talisayan
Shana,F,29,Charlotte
Hobey,M,70,Pieksämäki
Sauncho,M,56,Bogale
Ede,F,50,Glempang Tengah
Joyous,F,56,Himanka
Iorgo,M,69,Guiyang
Bourke,M,52,Jiaojie
Emelyne,F,44,Imatra
Carolee,F,64,Lindavista
Binny,F,24,Valladolid
Dionisio,M,25,Yangjingziwan
Prissie,F,42,Kamenjane
Beilul,F,41,Inanwatan
Janine,F,31,Tuanjie
Armin,M,48,Uacon
Rolando,M,42,Argasari
Elysee,F,55,Gafsa
Peadar,M,61,Tarogong
Tiffie,F,32,Sâmraông
Saundra,M,63,Sotomayor
Paquito,M,31,Sumurber
Lucila,F,14,Si Narong
Brant,M,33,Kwangmyŏng
Dov,M,49,Shënmëri
Francois,M,21,Fushun
Lenette,F,59,Noveleta
Kamila,F,26,Xintang
Candide,F,37,Jinsha
Osgood,M,42,Kumalarang
Jeniffer,F,49,Bayan Hot
Barbaraanne,F,38,Bragança Paulista
Cornie,M,55,Bahui
Keenan,M,53,Moravský Písek
Ferd,M,23,Sairam
Ettie,F,13,Varna
Lonnie,M,18,Sulahan
Madonna,F,42,Viloco
Janetta,F,60,Grand Sable
Friedrich,M,16,Jatiwangi
Orville,M,58,Carleton-sur-Mer
Allissa,F,33,Tabuc Pontevedra
Ingelbert,M,26,Kavallári
Laurianne,F,47,Tembladera
Vonny,F,15,Lyubotyn
Jamey,M,36,Taphan Hin
Augustine,M,44,Lyon
Consuela,F,54,Planken
Else,F,54,Quimper
Leeanne,F,60,Guápiles
Gunter,M,28,Skópelos
Consalve,M,26,Ostrów Mazowiecka
Isidor,M,37,Jianfeng
Denice,F,49,Taketoyo
Gray,M,28,Meitang
Rani,F,63,Havre-Saint-Pierre
Glad,F,14,Donabate
Torie,F,22,Dingzhai
Zackariah,M,30,Baisha
Tanya,F,66,Göteborg
Jolie,F,61,Ponta Porã
Matti,F,15,Pulau Pinang
Angel,F,51,Semuda
Quinlan,M,51,Xiugu
Alexandre,M,32,Guanbuqiao
Lauritz,M,27,Xiali
Christophe,M,27,Potosí
Isadora,F,50,Xilin
Patricio,M,32,Osieczna
Chandler,M,57,Peterhof
Rudie,M,58,Tobias Fornier
Hildagarde,F,59,Luxia
Portie,M,53,Ramain
Edward,M,70,Umeå
Christal,F,39,Caijiazha
Onfre,M,57,Shirahamachō-usazakiminami
Maria,F,29,Huambalpa
Joycelin,F,64,Tahala
Crysta,F,66,Jinxiang
Eduino,M,34,Hangji
Silva,F,60,Sagay
Marnie,F,14,Yunzhong
Shannon,M,33,Murcki
Bonni,F,15,Lagangilang
Shurwood,M,20,Évry
Derek,M,23,Anchau
Nathaniel,M,57,Senanga
Kean,M,53,Megáli Khóra
Chevy,M,68,Stari Banovci
Kimbra,F,18,Settat
Ned,M,42,Tumpang Satu
Chrotoem,M,28,Xiatang
Sileas,F,31,Lameira
Kalindi,F,37,Boncis
Scottie,M,22,Starobelokurikha
Samson,M,46,Tanzhou
Rafaelia,F,17,Chengbei
Goraud,M,67,San Carlos
Tania,F,56,Vershino-Shakhtaminskiy
Clemence,F,41,Marinići
Miller,M,43,Milwaukee
Errol,M,34,Xiangshun
Dorri,F,67,Matou
Maureen,F,18,Fonteleite
Beret,F,60,Fangxiang
Zulema,F,34,Douane
Torrence,M,56,Mulhouse
Kacey,F,17,Tempe
Deena,F,14,Tazouta
Rowen,M,37,Tari
Tiffani,F,66,Pangpang
Mendy,M,29,Kuching
Eleanora,F,46,San Pedro
Daniela,F,54,Danané
Leora,F,47,Grubišno Polje
Byrom,M,31,San Antonio
Harley,F,17,Bhawāna
Cori,M,34,Lurugan
Farrah,F,16,Sadar Bazar
Horton,M,26,Karangmulya
Ilyse,F,61,Guariba
Suzanne,F,34,Villa de Soto
Gianna,F,66,Khairpur
Grantham,M,39,Rafaï
Michele,F,43,Tianyuan
Guendolen,F,35,Novoanninskiy
Winfield,M,70,Qamdo
Tremain,M,37,Vredefort
Olia,F,16,Stockholm
Patten,M,13,Prengtale
Zach,M,29,Harding
Cynthie,F,39,Mlimba
Christie,M,61,Azul
Malva,F,66,Aveleda
Bert,F,25,Baiyang
Lina,F,58,Juan Santiago
Olive,F,28,La Playosa
Remus,M,13,Teuva
Kym,F,37,Kelīshād va Sūdarjān
Colan,M,23,Jandira
Caleb,M,19,Pasadena
Spenser,M,39,Belford Roxo
Betta,F,31,Makar’yev
Caz,M,46,Oeba
Cornelius,M,17,Al Muwayh
Garnette,F,66,Sintansin
Bernardine,F,53,Sanxi
Misti,F,16,Lukićevo
Dieter,M,56,Duru
Terese,F,48,Myronivka
Art,M,35,Novo Aripuanã
Flemming,M,14,Az Zintān
Chrissie,F,18,Chengbei
Delcine,F,54,Trondheim
Joanne,F,55,Vila do Maio
Merna,F,44,Joaquín Suárez
Lilia,F,31,Semerak
Eben,M,14,‘Ajlūn
Pris,F,48,Eskilstuna
Emiline,F,22,Changuillo
Andriette,F,32,Gulu
Ruy,M,21,Taoyuan
Chancey,M,30,Khvatovka
Branden,M,15,Lawrenceville
Ralph,M,20,Langgen
Shelly,F,13,Luena
Mayor,M,47,Luzhai
Lida,F,35,Sacramento
Lyndsey,F,33,Tarouca
Robina,F,19,Ryazanskiy
Giffard,M,50,Kebonagung
Lila,F,57,Monte-Carlo
Geoff,M,60,Boudinar
Kienan,M,47,Pueblo Viejo
Sheila-kathryn,F,50,Colima
Yulma,M,41,Toritama
Kara-lynn,F,22,Karasuk
Svend,M,27,Liang
Arne,M,26,Sanlian
Genvieve,F,54,Kishk-e Nakhūd
Harmonie,F,69,Raškovice
Candy,F,45,Angan
Porty,M,61,Uga
Dehlia,F,50,Živinice
Cleon,M,20,Ilmajoki
Burnaby,M,29,San Fernando
Davin,M,36,Sidikalang
Willard,M,17,La Asunción
Bernie,F,27,Luzhuangzi
Tamera,F,18,Kwatarkwashi
Almira,F,31,Guaranda
Renato,M,23,Eybens
Grove,M,47,Wugong
Paxton,M,27,Bardaskan
Leland,F,50,Kolonnawa
Cord,M,15,Zhangatas
Fayette,F,46,Wang Sombun
Christian,M,56,Moravče
Steward,M,57,Būlaevo
Percival,M,38,Charleville-Mézières
Sena,F,55,Waru
Daron,M,17,Staraya Stanitsa
Kaitlyn,F,57,Canmore
Roxi,F,66,La Sarrosa
Jesse,M,15,Tipolo
Karlis,M,39,Mölndal
Randee,F,28,Jorok Dalam
Leelah,F,13,Kute
Brant,M,56,Räpina
Luelle,F,34,Dalarik
Regen,M,49,Kura
Florenza,F,40,Hisor
Darsie,F,48,Seleuš
Pascal,M,14,Dagu
Devin,F,43,Göteborg
Bevon,M,59,Shifang
Gil,M,66,Kegeyli Shahar
Susana,F,13,Sokobanteng
Earl,M,69,Kertayuga
Selestina,F,50,Fergana
Bobbe,F,35,Kubanskiy
Letty,F,31,Olszówka
Andris,M,64,Buchach
Samantha,F,42,Paço
Kevon,M,38,Chợ Mới
Grady,M,27,Pondaguitan
Woody,M,44,Kahrīz
Gerard,M,25,San Rafael
Morgun,M,41,Zhanghekou
Ignatius,M,20,Kushar
Julina,F,30,Enewetak
Winnie,F,48,Morelos
Auguste,F,70,Marataizes
Marcellus,M,24,Bondoukou
Herrick,M,16,Lebyazh’ye
Aland,M,15,Sukhirin
Nickie,F,16,Takahagi
Patsy,M,19,Santa Ana
Vonni,F,50,Matanzas
Townie,M,68,Garoua
Emelia,F,41,Villefranche-sur-Mer
Celina,F,28,Bonga
Agnola,F,47,Čair
Meara,F,61,Jatirejo
Kareem,M,37,Zaymishche
Puff,M,67,Alak
Perren,M,55,Rustāq
Goldarina,F,13,Komoro
Raquel,F,67,Medellin
Ken,M,48,Wu’erbu Baolige
Melamie,F,60,Issenye
Kirstyn,F,50,Miaotou
Noel,F,55,Kumbo
Mile,M,63,Tawan tawan
Chlo,F,46,Iwase
Frances,F,66,Élancourt
Sebastien,M,63,Putang
Joeann,F,26,Guri-si
Duane,M,17,Glazov
Myrlene,F,47,Tongzhong
Rodrigo,M,41,Dagkar
Adaline,F,25,Manyava
Delly,F,41,Lavadorinhos
Fanny,F,43,Thị Trấn Nho Quan
Bern,M,13,Kadoma
Kinsley,M,38,Ambanja
Shelden,M,55,Kochetok
Purcell,M,39,Baie-Comeau
Ara,M,29,Semey
Cleveland,M,42,Koper
Florida,F,69,Kochenëvo
Felicdad,F,18,Graneros
Dolores,F,13,Lihu
Patrick,M,18,Novokizhinginsk
Biddy,F,67,Heilbronn
Krystalle,F,28,Yangjiapo
Sheela,F,59,Baiyang
Alexandrina,F,47,Erie
Pippo,M,51,Dzoraghbyur
Pearla,F,55,Haizigou
Natal,M,15,Xingquan
Tawsha,F,49,Miasteczko Śląskie
Megen,F,42,Waoundé
Jerald,M,42,Gokwe
Hedvige,F,13,Nybro
Cassy,F,40,Yangjiang
Viole,F,46,Leigao
Rubie,F,42,Javhlant
Maggy,F,55,Eirol
Nelle,F,34,Capas
Pyotr,M,48,Nieszawa
Ana,F,15,Bellavista
Kayley,F,29,Dasol
Fidel,M,39,Xiongjia
Yank,M,62,Dengyue
Rochette,F,48,Aurora
Cord,M,17,Ivanovka
Bondy,M,27,Al Ḩarf
Alberta,F,47,Tarsouat
Sebastiano,M,14,Puntarenas
Page,M,63,Luoshanchuan
Claudie,F,18,Strážnice
Brady,M,53,Haapsalu
Errick,M,13,Rio de Moinhos
Silvester,M,62,Biyang
Dyan,F,45,Wenwusha
Merle,F,64,Kalungu
Marc,M,58,Dauphin
Ivor,M,22,Al Manşūrah
Jess,F,38,Puyung
Rube,M,21,Buchanan
Elly,F,25,Jangas
Terra,F,31,Tomado
Alexandra,F,51,Bringinanom
Walsh,M,44,Piasek
Chip,M,38,Qiagai
Norman,M,16,Khuzhir
Howard,M,44,Pyhäntä
Marylee,F,16,Montgomery
Gabe,M,24,Karanglo
Miguela,F,57,Verd
Farr,M,21,Wangji
Ivory,F,69,Kajan
Briant,M,53,Asan-Maina Village
Gail,M,63,Huangdu
Loni,F,41,Bastia
Godard,M,35,Villanova
Waldemar,M,51,Privlaka
Brandais,F,28,Lagos da Beira
Esther,F,40,Chakou
Alia,F,33,Tan Sum
Darnall,M,53,Mafinga
Dominique,F,66,Gerdu
Leonanie,F,59,Sevilla
Carrie,F,15,Malawag
Verge,M,33,Bang Sao Thong
Harlene,F,22,Lukou
Imogene,F,68,Zhendong
Stanfield,M,50,Kalej
Olivero,M,16,Tangzha
Harlan,M,63,Az Zuwaytīnah
Grenville,M,66,Tanakbeak Daye
Hagan,M,39,San Jose
Ogdan,M,16,Landvetter
Jammal,M,39,Oele
Valma,F,33,Poste de Flacq
Warren,M,29,Paris 10
Ly,M,32,Yangxiang
Rolph,M,31,Winton
Gwenny,F,58,Turtas
Gonzalo,M,14,Guisa
Daryl,F,39,Cawayan
Chadd,M,33,North Cowichan
Shellysheldon,M,25,Xiaocheng
Flossy,F,46,Wang Sam Mo
Cointon,M,53,Rameshki
Julissa,F,40,Al Fandaqūmīyah
Claudell,M,58,Nihaona
Conn,M,22,Le Mans
Amory,M,51,Apt
Ermanno,M,47,Cubatão
Hedda,F,19,Otun
Ronna,F,29,Pagak
Templeton,M,20,Ţāqchah Khānah
Wally,F,23,Tembladera
Syman,M,20,Rancaranji
Welby,M,54,Guihing Proper
Perry,M,18,Sancang
Brewster,M,18,Huayacundo Arma
Dulcinea,F,70,Villa María
Rawley,M,31,Star’
Derek,M,55,Laranjeiras
Monro,M,16,Mbala
Blaine,M,48,Maochen
Lauri,F,40,Zawiya
Kimmy,F,65,Roma
Herbert,M,28,Dongjin
Alva,M,29,Jinzao
Frederich,M,47,Parigi
Parry,M,50,Spiczyn
Nickolaus,M,63,Komorniki
Rochester,M,42,Baima
Keely,F,33,Changsheng
Angelika,F,43,Ponta da Garça
Reinold,M,19,Bang Kruai
Giustino,M,51,Gorodets
Bernardo,M,65,Heimahe
Heall,M,58,Shicang
Bess,F,65,Xicheng
Berti,M,68,Gelap
Chan,M,68,Chaupimarca
Antons,M,65,Baiyun
Berkeley,M,29,Shanjeev Home
Janot,F,31,San Isidro
Reid,M,55,Pidvynohradiv
Noelani,F,51,Zhuping
Alonzo,M,37,Boston
Harv,M,23,Heidelberg
Arabelle,F,17,Longgao
Efren,M,35,Gandajika
Morie,M,60,Jaguariaíva
Myrah,F,52,Bāniyās
Clio,F,68,Gaoqiu
Liana,F,20,Zalesnoye
Moria,F,53,Sangkulirang
Gordy,M,32,Balibagan Oeste
Mada,F,25,Paris 05
Daryle,M,50,Obala
Witty,M,62,Qilong
Sherwood,M,43,Digkilaan
Alexia,F,52,Mira
Rodney,M,55,Bakıxanov
Luce,F,49,Karachi
Minette,F,22,Panalo-on
Melisse,F,21,Memphis
Ginni,F,69,Stockton
Liana,F,60,Non Narai
Grover,M,43,Tanlin
Panchito,M,44,Tugusirna
Breanne,F,60,San Jose
Hildagarde,F,32,Arivonimamo
Margette,F,15,Loja
Hillery,M,20,Tres Isletas
Van,F,69,Yaroslavl
Constantin,M,33,Krynki
Ephraim,M,58,Wololele A
Pearla,F,21,Yanglin
Coralie,F,56,Mariana
Joseph,M,50,Stockholm
Prince,M,59,Taganskiy
Georas,M,56,Yingta
Dena,F,65,Atarodangwautu
Gigi,F,27,Bogo
Micheal,M,59,Toki
Rodi,F,50,Būr Safājah
Shaun,M,44,Martanesh
Axe,M,15,Jāti
Gabriel,M,49,Zhendong
Marshall,M,62,Uromi
Welbie,M,60,Pogranichnyy
Blythe,F,28,Anulid
Tomi,F,69,Las Yaras
Antoine,M,61,Ribeiro
Addie,M,65,Mungo
Carlina,F,67,Mora
Nora,F,28,Margorejo
Irena,F,14,Sigaboy
Brenden,M,58,Jiantian
Delbert,M,37,Imbituba
Nikkie,F,50,Young America
Augusto,M,21,Machala
Ailis,F,28,Oliveirinha
Allianora,F,14,Konstantinovsk
Ellary,M,56,Tianxing
Lucine,F,30,Dalu
Scarface,M,37,Sekartaji
Arabele,F,41,Villa Allende
Way,M,57,Banga
Brigit,F,60,Daminggong
Marnia,F,14,Nahrīn
