Name,Age,HomeTown,Education,Gender
Marwin,36,Nagato,Nanhua University,Male
Vail,18,Nagykanizsa,Kyonggi University,Male
Lurleen,44,Nezvěstice,Nova Scotia Agricultural College,Female
Melinde,53,Sampués,Boston Architectural Center,Female
Carol,47,La Francia,Universidad Católica San Antonio,Female
Marco,36,Acli,Università Pontifcia Salesiana,Male
Angelle,25,Las Tunas,Nile Valley University,Female
Glynda,33,Labuan,Ruhr-Universität Bochum,Female
Lanie,42,Merdeka,Universidad Experimental Felix Adam,Male
Isac,56,Mkiriwadjumoi,College of Education Ikere,Male
Aaren,61,Jiangwan,Arab Open University,Female
Friedrick,65,Darkūsh,"Queen Mary and Westfield College, University of London",Male
Brandtr,47,Barretos,University of Texas M.D. Anderson Cancer Center,Male
Jory,30,Zgurovka,Indian School of Mines (ISM),Male
Lynnette,61,Pindi Gheb,Fine Arts Academy in Gdansk,Female
Eddie,31,El Cortezo,National Mining University,Female
Trude,60,Silvares,Pathumthani University,Female
Reube,68,Karangintan,Altai State Medical University,Male
Justen,22,Uherský Brod,Seokyeong University,Male
Andras,42,Qing’an,Kendall College,Male
Quint,66,Pangal Sur,Universidade do Estado da Bahia,Male
Janella,66,Hrvace,Fachhochschule Nordhausen,Female
Jordan,41,Guazapa,Yarmouk Private University ,Male
Vail,32,San Martín Zapotitlán,Uva Wellassa University,Male
Jazmin,63,Dasha,Mercer University,Female
Aldwin,47,Matang,Guizhou Normal University,Male
Amby,34,Chaguaramas,Universidad de Medellín,Male
Bentlee,51,Amieirinha,Pennsylvania State University - Altoona,Male
Slade,30,Cikabuyutan Barat,Universidad Valle del Grijalva,Male
Elliott,40,San Pedro,"Katholieke Universiteit Leuven, Campus Kortrijk",Male
Aldwin,31,Songshu,Reformed Theological Academy of Debrecen,Male
Bryan,45,Cockburn Town,Lahore College for Women University,Male
Elston,32,Gajrug,Doshisha Women's College of Liberal Arts,Male
Malanie,49,Alikalia,"École de technologie supérieure, Université du Québec",Female
Martelle,41,El Realejo,National University,Female
Florry,17,Yuewan,Weber State University,Female
Brit,15,Lab,Université de La Rochelle,Male
Ulrica,37,Ban Phaeo,Universidade Católica de Pernambuco,Female
Mechelle,25,Pergamino,Azerbaijan Medical University,Female
Henri,46,Majin,Chongqing Technology and Business University,Male
Isahella,36,Omīdcheh,Central Philippine University,Female
Missie,24,Zhukovo,University of Connecticut Health Center,Female
Edwina,52,Gœsdorf,St. Andrew Georgian University,Female
Alika,32,Krajan,Universidad Abierta Interactiva,Female
Leighton,18,Banovo Polje,The Juilliard School,Male
Emily,37,Omaha,Toccoa Falls College,Female
Romy,28,Uchiza,Hebrew University of Jerusalem,Female
Sarena,47,Taounza,Universidad de Talca,Female
Dorelle,13,Gaobu,Beijing Polytechnic University,Female
Christye,46,Novomoskovs’k,State University of New York at Stony Brook,Female
Harp,60,Åkersberga,Center for Entrepreneurship and Small Business Management,Male
Kassandra,30,Igbaras,Southwest University of Political Science and Law,Female
Odell,13,Krasnyy Oktyabr’,"Concordia University, Irvine",Male
Catharine,38,Khuma,Konkuk University,Female
Misha,69,Okunoya,Central Mindanao University,Female
Lonnard,33,Khlong Sam Wa,Mount Holyoke College,Male
Hayward,63,Pionerskiy,Technological Education Institute of Kavala,Male
Jenny,35,Zunilito,Universidad Marcelino Champagnat,Female
Keriann,61,Ticrapo,Akwa Ibom State University of Technology,Female
Selinda,38,Thành phố Bạc Liêu,University of Mostar,Female
Adams,68,Wolomarang,South Dakota School of Mines and Technology,Male
Lynnet,67,Kandete,State University of New York Downstate Medical Center,Female
Lilla,60,Weifang,Bharathidasan University,Female
Cazzie,22,Placencia,University of Louisiana at Lafayette,Male
Foster,21,Hengjiang,"University of Korca ""Fan Noli""",Male
Knox,57,Dalonghua,University of Jos,Male
Drucill,65,Libochovice,Khmelnitsky National University,Female
Trula,20,Longde Chengguanzhen,Balkh University,Female
Rance,42,Novopavlovsk,Université de Bamako,Male
Wynne,52,Bergem,Philadelphia University,Female
Reynold,49,Terpinnya,Kyushu Sangyo University,Male
Christophorus,69,Atuntaqui,Medizinische Universität Innsbruck,Male
Terri,24,Aniva,St. George's University,Female
Philomena,43,Heping,Universitas Katolik Indonesia Atma Jaya,Female
Drake,58,Araouane,Université de Toliary,Male
Leanora,69,Velké Karlovice,Baker College of Owosso,Female
Bette,44,Campamento,Bangladesh University of Engineering and Technology,Female
Rudd,56,Jingzhou,Instituto Tecnológico de Morelia,Male
Meredeth,46,Buturlinovka,University College of Skövde,Male
Rickert,67,Siaya,Southern University - Shreveport,Male
Lexy,52,Tomigusuku,Yaroslavl State Theatre Institute,Female
Sauveur,33,Taekas,Universität Ulm,Male
Bobby,62,Jiaze,Federal University of Petroleum Resources,Female
Ara,47,Lingzhi,Academia Nacional Superior de Orquesta,Male
Hort,28,Kurmuk,Universidad Mayor de San Simón,Male
Porter,52,Honglu,Huston-Tillotson College,Male
Abdel,38,Oxelösund,California School of Professional Psychology - San Diego,Male
Laney,65,Savé,Universidad Central de Nicaragua,Male
Jori,17,Jinggongqiao,"Islamic Azad University, Tehran Science & Research Branch",Female
Marjie,35,Vetlanda,University of Washington,Female
Giff,66,Grazhdanka,Great Lakes Christian College,Male
Frants,52,Fengcheng,Academy of Economics in Poznan,Male
Truman,59,Plast,Art Institute of Charlotte,Male
Tresa,49,Kalynivka,Hefei University of Technology,Female
Conrado,29,Pyra,"Fachhochschule Mannheim, Hochschule für Technik und Gestaltung",Male
Richy,37,Puerto Quellón,Universidad Latina de Costa Rica,Male
Ole,65,Vila Ribeiro,Tai Solarin University of Education,Male
Dolph,45,Stara Kiszewa,Universidad Capitain General Gerardo Barrios,Male
Stephen,40,Babatngon,Universidad Gran Mariscal de Ayacucho,Male
Nichole,67,Malartic,National Taipei University,Male
Gothart,67,Samran,University of Glamorgan,Male
Gunter,30,Ughelli,Hosei University,Male
Audi,38,Kučevo,Govind Ballabh Pant University of Agriculture and Technology,Female
Gasparo,43,Quebrada Larga,Oakland University,Male
Rosy,37,Czchów,Providence College,Female
Shellysheldon,55,Ibarra,Crawford University ,Male
Allin,17,Nanhuang,Tenri University,Male
Sapphire,41,Tatrang,European Business School Schloß Reichartshausen,Female
Miguela,61,Caoxi,Universidad Politécnica de Cartagena,Female
Manfred,49,Atbasar,Foundation University,Male
Melamie,37,Chuoyuan,Universidade Vale do Rio dos Sinos,Female
Arne,62,Kastsyukowka,Tianjin Polytechnic University,Male
Shirleen,16,Santiago,North Central Bible College,Female
Fletch,33,Mporokoso,Metropolitan State University,Male
Bethanne,39,Qimantage,Universidad Sergio Arboleda,Female
Karl,22,Lampa,Africa International University,Male
Joell,60,Belo Blato,Ecole Nationale Supérieure des Industries Textiles de Mulhouse,Female
Tori,60,Tomar,Selangor Islamic University College,Female
Dominique,33,Dinahican,"Fachhochschule und Berufskollegs NTA, Prof.Dr. Grübler gemein. GmbH",Female
Rosalyn,34,Buka,Tashkent Pharmaceutical Institute,Female
Lukas,47,Granada,Auburn University at Montgomery,Male
Erik,50,Milówka,All India Institute of Medical Sciences,Male
Nichols,50,Linares,Estonian Academy of Security Sciences,Male
Lamar,39,Hovd,University of Texas Southwestern Medical Center at Dallas,Male
Lothario,33,Sidowayah Lor,College of Osteopathic Medicine of the Pacific (Western University of Health Sciences),Male
Nalani,35,Sampagar,University of Manchester,Female
Oliviero,65,La Ensenada,Kharkiv National University,Male
Gal,36,Pingding,Shanghai University of Finance and Economics,Male
Wilt,29,Gapan,Philippine Women's University,Male
Nicky,62,Utrecht,Franklin W. Olin College of Engineering,Female
Barry,65,New York City,Vardhaman Mahaveer Open University,Female
Elene,54,Dijon,University of Palestine,Female
Titus,30,Magistral’nyy,Emmaus Bible College,Male
Earl,52,Jasugih Selatan,Rosemont College,Male
Virginia,24,Yuanmou,Universitas Padjadjaran,Female
Rosanne,25,São Roque,International Higher School for Advanced Studies Trieste,Female
Egon,17,Pedome,Laikipia University,Male
Jelene,37,Wangyi Zhendian,North Greenville College,Female
Mabel,21,Flin Flon,Keene State College,Female
Zea,32,Xiangcheng,Kaluga State Pedagogical University,Female
Ilene,38,Limoncito,University of Science & Technology Bannu,Female
Athene,69,Zhangcun,Central University College,Female
Doe,29,Paraíso das Águas,Jaypee Institute of Information Technology,Female
Carlos,70,Göteborg,Pennsylvania State University,Male
Hadley,68,Itéa,Universidad Autónoma Latinoamericana,Male
Ignatius,38,Formosa do Rio Preto,First Global University to teaching Jainism,Male
Felice,55,Calimita,Universidad Nacional del Este,Male
Lexie,51,Tostado,Oregon Graduate Institute of Science and Technology,Female
Galvan,18,Hradec nad Moravici,Chuvash State University,Male
Ezequiel,43,Salitrillos,Academy of Public Administration of Belarus,Male
Nicko,63,Nadvoitsy,Hebron University,Male
Algernon,39,Tiadiaye,University of Mustansiriyah,Male
Blaire,38,Sandao,Saga Medical School,Female
Sascha,58,Guantánamo,Midland Lutheran College,Female
Bonita,54,Horred,Mahachulalongkorn Buddhist University,Female
Belinda,14,Horní Stropnice,Shanghai Business School,Female
Rhett,66,Tuodian,Brussels School of International Studies,Male
Daffy,25,Airmadidi,Qassim Private College,Female
Tremain,64,Al Ghāriyah,"Russian Customs Academy, Vladivostok Branch",Male
Hubey,21,Cái Nhum,International University for Graduate Studies,Male
Ami,58,Rawang,Angelo State University,Female
Viv,27,Barretos,"Institute of Teachers Education, Kota Bharu",Female
Kerr,36,Doropayung,Pennsylvania State University,Male
Dario,51,Punata,Shahrekord University of Medical Sciences,Male
Chantalle,49,Crauthem,Fuzhou University,Female
Rob,20,Jutrosin,Yonok University,Male
Jacky,27,Taltal,Universidade São Judas Tadeu,Female
Juan,32,Lusk,Air University,Male
Verla,49,Sanyantang,Universidade de Cruz Alta,Female
Maxine,19,Velykyi Bereznyi,Internationle Akademie für Philosophie,Female
Myrilla,21,Ayapel,Tohoku Women's College,Female
Chicky,37,Fazenda de Santa Cruz,Hellenic Army Academy,Female
Jedediah,35,Heby,Université du Québec à Trois-Rivières,Male
Gordy,16,Tha Luang,Alfred University,Male
Bryon,45,Péplos,Vaganova Academy of Russian Ballet,Male
Federico,51,Ventersdorp,Macau Polytechnic Institute,Male
Cynthia,63,Caitang,Universidad Fundepos Alma Mater,Female
Dorette,28,Sanxing,Korea National Open University,Female
Kelcey,32,Acaraú,Fine Arts Academy in Poznan,Female
Jake,54,Al Qubbah,Freed-Hardeman University,Male
Tallia,16,Jinhe,University Medical School of Pécs,Female
Salomone,31,Andamui,Ranchi University,Male
Gaspar,48,Kut Rang,FAST - National University of Computer and Emerging Sciences (NUCES),Male
Margareta,51,Anqing,University College of the Fraser Valley,Female
Austine,44,Beruniy,Universidade do Grande Rio,Female
Lanna,24,Cabalawan,Arab Open University,Female
Evan,53,Tycheró,Belmont University,Male
Niels,44,Jalqamūs,Jönköping University College,Male
Rory,54,Igbaras,World University of Bangladesh,Female
Kelila,50,Hengelo,Ecole Nationale Supérieure des Mines de Douai,Female
Iona,52,Saintes,Franciscan School of Theology,Female
Robers,67,Lanas,Paichai University,Male
Petra,25,Santa Rosa de Copán,University of West Florida,Female
Rooney,29,Pingxiang,Universidad Técnica de Cotopaxi,Male
Estrella,43,Jaroměřice nad Rokytnou,Universidad de Iberoamérica,Female
Hobey,26,Jambubol,Tashkent Institute of Irrigation and Melioration,Male
Elsinore,32,Biris Daja,Seoul Women's University,Female
Guy,33,Changyŏn,Mount Ida College,Male
Missy,52,Tayturka,Moraine Valley Community College,Female
Timofei,51,Žeravice,Kenya Methodist University,Male
Ashlin,68,Xinhua,The American College,Male
Fredra,45,Fort-de-France,Universitas Mataram,Female
Brittni,49,Atlanta,University of Applied Science and Technology,Female
Rosalind,46,Sabadell,University of Petroleum (East China),Female
Rodrigo,42,Piedra Blanca,Augustana University College,Male
Erich,16,Houston,University of Wisconsin - Stout,Male
Sheila-kathryn,60,Stari Kuty,Universitas 17 Agustus 1945 Samarinda,Female
Malynda,34,Laranjeiras do Sul,Lock Haven University of Pennsylvania,Female
Alie,41,Tūkrah,University of Wisconsin - River Falls,Female
Reba,65,Nginokrajan,University of Leeds,Female
Demetri,68,Philadelphia,Ecole Centrale de Nantes,Male
Lou,32,Lansing,American Jewish University,Male
Ronda,64,Sanjiao,West Virginia Wesleyan College,Female
Brook,22,Sai,Merlimau Polytechnic,Male
Harrie,24,Yingde’er,University of Connecticut,Female
Eustace,70,Tipo-Tipo,Ecole Nationale de la Statistique et de l'Analyse de l'information,Male
Nevins,42,Doom,Logan College of Chiropractic,Male
Abbott,66,Dulangan,Vellore Institute of Technology,Male
Cathe,26,Carpentras,Erskine College,Female
Eduino,27,Tuwa,University of North Texas,Male
Betta,26,Smoky Lake,Universitas Kristen Indonesia Tomohon,Female
Bren,54,Posse,Sungshin Women's University,Female
Hollis,64,Mūsa Khel Bāzār,Brescia College,Male
Kimberlee,53,Charneca da Cotovia,Columbia International University,Female
Etti,54,Jibu,Southwest Missouri State University - West Plains,Female
Delilah,13,Zhinvali,Tohoku Fukushi University,Female
Frasquito,23,Oslo,Ecole Superieure Robert de Sorbon,Male
Katey,55,Sviadnov,University of Wisconsin - Platteville,Female
Jena,45,‘Aşīrah al Qiblīyah,Nanjing University of Economics,Female
Raoul,20,Villa Ojo de Agua,University of Science and Technology of China,Male
Sonnie,62,Stockholm,"Islamic Azad University, Bandar Abbas",Male
Zoe,46,Sakassou,Université du Québec en Abitibi-Témiscamingue,Female
Byrann,40,Bayangol,Suffolk University,Male
Eal,56,Sikeshu,Madawalabu University,Male
Werner,48,São Lourenço do Sul,Universidade Paulista,Male
Kandy,38,Plaza Huincul,Cyberjaya University College of Medical Science,Female
Hailey,32,Ganxi,Binh Duong University,Male
Kayne,54,Banjar Bengkelgede,Technische Fachhochschule Wildau,Male
Briny,60,Pesucen,Universitas Muhammadiyah Sumatra Utara,Female
Dallas,64,Ervedosa do Douro,Baghyatoolah Medical Sciences University,Female
Lavina,22,Murtajih,Keiai University,Female
Claudio,43,Charyshskoye,Balamand University,Male
Lura,57,Buan,Yeungnam University,Female
Devlen,24,Gazli,International Colleges of Islamic Science,Male
Athena,46,Lae,National Central University,Female
Mavra,47,Dangjiaxian,University of Cambodia,Female
Delores,24,Krajan,Hokkaigakuen University of Kitami,Female
Jolee,28,El Zapote,Universidad Peruana de Ciencias Aplicadas,Female
Lorinda,26,Wādī as Sīr,"Institute of Teachers Education, Tengku Ampuan Afzan",Female
Florie,63,Wyszogród,International University School of Medicine (IUSOM),Female
Merl,60,Junyang,Universidad del Cine - Buenos Aires,Female
Anne-marie,59,Pangpang,Maritime University Constanta,Female
Teirtza,45,Guisser,Utsunomiya University,Female
Stanley,64,Annecy,Post University of Waterbury,Male
Konstantine,58,Jaboatão,Universidad Autónoma de Yucatán,Male
Benton,59,Pirapo,O'More College of Design,Male
Redford,45,Jingmen,Liaoning University,Male
Hollis,24,Bahía Honda,"Universidad de Artes, Ciencias y Comunicación",Male
Callean,30,Rancagua,Yonsei University,Male
Octavia,44,Alcainça,Anglia Ruskin University,Female
Uta,54,Sangar Sarāy,International Colleges of Islamic Science,Female
Lauritz,62,Skhodnitsa,Technological University (Pathein),Male
Alanson,32,Fryanovo,Pädagogische Hochschule Heidelberg,Male
Gillan,58,Fatumnasi,Liepaja Pedagogical Higher School,Female
Odetta,14,Nancy,University of Twente,Female
Keeley,59,Oklahoma City,Helsinki School of Economics and Business Administration,Female
Layne,18,Nasīrābād,Universidade do Porto,Female
Flossy,69,Aleksandrovka,University of Molise,Female
Rebekah,43,Mondlo,Jawaharlal Nehru University,Female
Inna,40,Kelapa,Shorter College,Female
Arlen,34,Regente Feijó,Baltic State Technical University,Male
Alisun,69,Anáfi,Ryszard Lazarski University of Commerce and Law in Warsaw,Female
Tiebout,70,Zougang,University of Macedonia,Male
Elna,20,Figueiredo,Omsk State University,Female
Berne,36,La Esperanza,Shandong University of Art and Design,Male
Andre,55,Ribafria,Atlantic University,Male
Rowland,35,Basel,Kathmandu University,Male
Abner,70,Belyye Berega,San Joaquin College of Law,Male
Jillian,18,Trenton,"California State University, San Marcos",Female
Carol-jean,22,Yokohama,Technical University of Opole,Female
Alvina,64,Osh,Fachhochschule Burgenland,Female
Juieta,30,Zhongshi,St. Francis Medical Center College of Nursing,Female
Papagena,63,Centralniy,Trinity University,Female
Kanya,26,Bella Vista,Universidad Los Angeles de Chimbote,Female
Marion,34,Hedong,University of the Immaculate Conception,Female
Darnall,65,Kalde Panga,Greenville College,Male
Gerhardt,62,Los Arcos,West Suburban College of Nursing,Male
Legra,39,Zhongcun,Hochschule für Philosophie München,Female
Maurine,44,El Retiro,University of Minnesota - Duluth,Female
Frankie,53,Le Raincy,Xavier University of Louisiana,Male
Jeffrey,33,Chechen-Aul,College of Visual Arts,Male
Wilhelmina,48,Somanda,Capitol College,Female
Brooke,19,Castleblayney,Wolkite University,Male
Rowan,34,Gandapura,Universidad Nacional de Catamarca,Male
Kiel,28,Strážná,Institut Catholique d'Arts et Métiers Nantes,Male
Aveline,24,Kopral,Ohio State University,Female
Becca,66,Calarcá,National University of Ostroh Academy,Female
Charles,69,Sabang,Uinversity of Babylon,Male
Putnem,29,Lumsden,Warner Southern College,Male
Obie,18,Allen,Universidade Federal de Mato Grosso do Sul,Male
Jessamyn,36,Manis Mekarwangi,Salam University,Female
Anthia,38,Yueyang,Kostroma State Technological University,Female
Archaimbaud,31,Bularit,Universidad Autónoma de Coahuila,Male
Penn,65,Hong’an Chengguanzhen,ITT Technical Institute Fort Wayne,Male
Ortensia,39,Xuxiake,Presbyterian University College,Female
Lucien,35,Dawuhan,Biju Pattnaik University of Technology,Male
Sander,43,Shanggu,Marquette University,Male
Kyle,19,Huangqi,Kafkas University,Male
Brade,59,Otse,College of the Holy Cross,Male
Devan,18,Shibi,Staatliche Hochschule für Musik,Female
Zacharias,49,Himensulan,Delta University,Male
Godwin,46,Lazurne,Hubert Kairuki Memorial University,Male
Sophia,65,Bang Na,Penza State University,Female
Dee dee,51,Sirinhaém,Universidad Autónoma de Colombia,Female
Hansiain,43,Jangdam,University of Ancona,Male
Rebbecca,29,Foz do Iguaçu,Fachhochschule für das öffentliche Bibliothekswesen Bonn,Female
Micheal,40,Renfengzhuang,Augustana Hochschule Neuendettelsau,Male
Abeu,47,Cikuya,Sunmoon University,Male
Gavrielle,35,Lillehammer,San Francisco Art Institute,Female
Fritz,31,Liutao,Universidade Santa Úrsula,Male
Nikaniki,13,Shiyun,Nihon University,Female
Francois,52,Yunping,Hofstra University,Male
Julio,67,Bunigeulis,National Technical University (Kiev Politechnical Institute),Male
Jaclin,34,Lyon,"Universidad Iberoamericana, Campus León",Female
Alvis,28,Colón,City University of New York Medical School / Sophie Davis School of Biomedical Education,Male
Guglielma,28,Sabang,Universidad Valle del Momboy,Female
Barnard,65,Gambo,Kosin University,Male
Carmelia,14,San Bernardino,Technological University (Dawei),Female
Natasha,47,Qiankeng,Lviv Polytechnic National University,Female
Tallou,66,Huaqiao,Universidad San Juan de la Cruz,Female
Cinda,31,Mshinskaya,Japan College of Social Work,Female
Hazlett,28,Takeo,Global University,Male
Flore,32,Mencon,Mahatma Gandhi Kashi Vidyapith ,Female
Alica,48,Palumbungan,Al Turath University College,Female
Ag,21,Mingjiu,Asahi University,Female
Shirlene,25,Magersari,Birmingham-Southern College,Female
Alisa,45,Guali,Shenzhen University,Female
Jany,61,Nikol’skoye,University College of Applied Sciences,Female
Billy,59,Xianlin,Universidad Catolica de Azogues,Male
Nertie,49,Shetangpo,The Art Institute of Boston,Female
Dermot,69,Araranguá,Jimei University,Male
Benni,37,Ivot,Pharos International University,Female
Alvy,30,Liushutun,Ecole Nationale Supérieure de Biologie Appliquée à la Nutrition et à l'Alementation,Male
Fayth,41,Dok Kham Tai,University of Calicut,Female
Hillary,14,Luzhuangzi,Hawassa University,Male
Fonsie,38,Nebug,Montclair State University,Male
Estell,30,Jing’an,Universidad Autónoma de Asunción,Female
Far,61,Balud,Phillips Graduate Institute,Male
Blondelle,67,Cerklje na Gorenjskem,Morris College,Female
August,30,Tsuruga,University of Constanta,Male
Monte,32,Banjar Delodrurung,Harbin Institute of Technology,Male
Martina,59,Golema Rečica,Grinnell College,Female
Carney,39,Ryazan’,Universidade Castelo Branco,Male
Ronnie,54,Rouen,Universidade do Porto,Male
Kirstyn,54,Berlin,Southern California College of Optometry,Female
Sybille,33,Puteaux,Ecole Nationale d'Ingénieurs des Travaux Agricoles de Bordeaux,Female
Davis,48,Hou’an,New England College,Male
Norton,47,Vorzel’,Rajshahi University of Engineering and Technology,Male
Georas,35,Vershino-Shakhtaminskiy,Instituto Tecnologico de Durango,Male
Tanhya,61,Hal’shany,Kharkiv National University of Radio Electronics,Female
Kristoforo,37,Lubochnia,Sohag University,Male
Christye,13,Usarin,Universidad Abierta y a Distancia de Panama,Female
Jobey,55,Shikeng,Pandit Ravi Shankar Shukla University,Female
Amy,48,Aţ Ţurrah,Minneapolis College of Art and Design,Female
Kira,46,Cibugel,University of Islamic Studies,Female
Tasha,42,Frutal,King Khaled University,Female
Dunn,62,Carmen,"Fachhochschule Ulm, Hochschule für Technik",Male
Priscilla,68,Радовиш,"University ""Aurel Vlaicu"" Arad",Female
Humbert,51,Chengyang,Athenaeum Pontificium Regina Apostolorum,Male
Kristian,53,Chipata,Huaihua Radio and Television University,Male
Carline,23,Remas,Gallaudet University,Female
Alic,24,Tambo,Universidade Estácio de Sá,Male
Martainn,40,Fengcheng,Gurukul University,Male
Chaddy,28,Paleran,Indian Agricultural Research Institute,Male
Izzy,65,Shatian,Universidad Alfonso X El Sabio,Male
Sonya,22,Paipa,Soutsaka Institute of management and Technology,Female
Mirilla,15,Tierralta,University of Anbar,Female
Legra,26,Tianhe,Evangelische Hochschule für Soziale Arbeit Dresden (FH),Female
Mose,22,Sobral da Adiça,Western New Mexico University,Male
Garrik,23,Hebu,"NABA - Nuova Accademia di Belle Arti, Milan",Male
Ahmed,57,Gubo,Wheaton College Massachusetts,Male
Darlleen,43,Clermont-Ferrand,Osaka University,Female
Bartolemo,13,Laju Kidul,Josai University,Male
Eugenio,40,Huifeng,Qinghai University,Male
Gertruda,56,Panunggangan,Jomo Kenyatta University of Agriculture and Technology,Female
Max,68,Heshui,Langara College,Female
Dulcine,64,Cikuya,Thi Qar University,Female
Marleen,60,Wasogolo,"Trinity International University (Excel), Miami",Female
Rosetta,25,Ash Shāmīyah,"Evangelische Fachhochschule für Religionspädagogik, und Gemeindediakonie Moritzburg",Female
Hansiain,21,Smidary,Universitas Widyatama,Male
Roobbie,37,Kopashnovo,American University in Bulgaria,Female
Rosabella,53,Thepharak,University of Aden,Female
Sarajane,59,Padangtepung,"City University of New York, Brooklyn College",Female
Dall,33,Pateros,Jami Institute of Technology,Male
Fabio,57,Lingbei,Universidade Federal do Rio de Janeiro,Male
Julius,58,Borås,Universidad Isaac Newton,Male
Margalo,34,Yŏnmu,"Universidad Iberoamericana, Campus León",Female
Shep,53,Xaysetha,University of Nueva Caceres,Male
Muffin,17,Lidköping,Ecole Nationale Supérieure de Chimie de Toulouse,Female
Dom,38,Estaca,Ashiya University,Male
Cara,34,Loma Bonita,Hue University of Agriculture and Forestry ,Female
Dixie,70,Genova,"University of California, Santa Barbara",Female
Carolus,62,Ghormach,Dilla University,Male
Fiona,38,Phoenix,Morehead State University,Female
Gaynor,58,Atamanovka,Life University,Female
Bertie,27,Palkino,Universitat de Lleida,Male
Neila,55,Sabanagrande,Manonmaniam Sundaranar University,Female
Peirce,14,Maying,Tula State University,Male
Dorey,23,Lingqiao,Help University College,Female
Benedetta,51,Kadoma,Musashino Women's University,Female
Tito,53,Mobile,University of Burao,Male
Leticia,17,Krajan Puru,Tashkent Islam University,Female
Jillane,50,Dawangzhuang,St. Elizabeth’s College of Health and Social Sciences in Bratislava,Female
Regina,54,Yongfa,University of Kuopio,Female
Hildy,18,Gunungputri,Sapporo University,Female
Lilith,27,Manado,East Africa University Bosaso,Female
Kendal,53,San Celestio,"National American University, Albuquerque",Male
Kalli,60,Yungay,The Emirates Academy of Hotel Managment,Female
Gloriana,16,Zhangjiagang,University of Kurdistan - Hawler,Female
Dunn,49,Teresópolis,Mindanao State University - Iligan Institute of Technology,Male
Renard,58,Krajan Dukuhseti,Universidad Chapultepéc,Male
Lonee,46,Tamana,Hampshire College,Female
Megan,56,Lishui,Vyatka State Pedagogical University,Female
Margi,61,Nieszawa,The Kingdom University,Female
Zachery,63,East End,Instituto Tecnológico de Santo Domingo,Male
Grier,56,Guantang,Medical University of South Carolina,Female
Adolf,36,Riosucio,Katholische Fachhochschule Berlin (KFB),Male
Rebbecca,60,Laocheng,Boricua College,Female
Sib,44,Działoszyce,Universidad Nacional José Faustino Sánchez Carrión,Female
Will,54,Turki,Universidad de Concepción del Uruguay,Male
Colet,48,Wadeng,Université d'Alger,Male
Geoffry,26,La Foa,Bunkyo University,Male
Aylmer,64,Arboga,National Military Academy of Afghanistan,Male
Glori,48,Illkirch-Graffenstaden,University of Notre Dame,Female
Rafferty,66,Tupaciguara,Universidad de Huelva,Male
Hubey,33,Faqīrwāli,Punjab Engineering College Deemed University,Male
Anny,39,Sestroretsk,"Universidad Católica Boliviana, Cochabamba",Female
Morly,69,Washington,Bidhan Chandra Agricultural University,Male
Jemie,32,Tuchola,University of Maiduguri,Female
Wendie,68,Artemivs’k,International University Institute of Luxembourg,Female
Daven,31,Xingang,Universidad de Zaragoza,Male
Prudy,24,Mat-i,Kumasi Polytechnic ,Female
Marlene,48,Regulice,University of Foggia,Female
Rosette,23,Minle,Universidad Nacional del Centro de la Provincia de Buenos Aires,Female
Berni,26,Futian,"National Institute of Technology, Jamshedpur",Female
Kitti,15,Kokofata,"City University of New York, College of Staten Island",Female
Heall,43,Girona,Free University Amsterdam,Male
Pierre,45,Várzea da Serra,University “Pavaresia” Vlore,Male
Bald,32,Andilamena,Bukkyo University,Male
Berny,22,Mukacheve,National Technical University (Kiev Politechnical Institute),Male
Clarey,69,Jiazhuang,Lesley University,Female
Clerkclaude,47,Chiantla,International University,Male
Roana,43,Phichit,Mustafa Kemal University,Female
Laurie,54,Pansoy,Chamreun University of Poly Technology,Female
Mendy,16,Longchiqiao,Ecole Supérieure Internationale d'Administration des Entreprises,Male
Lenci,66,Goianira,Karlstad University,Male
Sascha,34,Betim,University of Aberdeen,Male
Verney,64,Anren,Bourgas Free University,Male
Merlina,37,Rodotópi,Ecole Supérieure de Commerce de Toulouse,Female
Emmey,24,Da-an Sur,Yangtze University,Female
Reiko,52,Kerep Wetan,Universidad Santo Tomás,Female
Kyle,29,Banag,George Fox University,Male
Paton,61,Toukh,"American University of Hawaii, Punjab Campus",Male
Tamra,61,Penedo,Texas A&M University - Commerce,Female
Perry,27,Yingzhou,Hartford Graduate Center (Rensselaer at Hartford),Male
Brook,34,Yushugou,Lynn University,Female
Ethan,33,Mariano Moreno,"Universidad Católica Boliviana, Cochabamba",Male
Larry,44,Berezivka,Universitas Nasional Pasim,Male
Edy,34,Krapyak Kidul,St. Mary's College of Maryland,Female
Milena,61,Dalovice,"National Institute of Technology, Calicut",Female
Pansy,14,Ouyang,University College Bahrain,Female
Stan,40,Casal,Kookmin University,Male
Christoforo,58,Pinggang,Universitas Krisnadwipayana,Male
Normie,22,Sagang,KROK Economics and Law University,Male
Darcee,27,Una,American Conservatory Theater,Female
Ashlan,58,Fresno,University of Massachusetts Medical Center at Worcester,Female
Cord,51,Krajan Suco,Fachhochschule Kärnten,Male
Floria,47,Cipari,Newports Institute of Communication & Economics,Female
Flemming,23,Foz Giraldo,Universidade do Algarve,Male
Richart,21,Sirājganj,Valparaiso University,Male
Huntley,62,Chư Ty,Maxim Gorky Institute of Literature,Male
Paulie,51,Hinthada,"Troy University, Phenix City",Female
Meaghan,46,Toronto,Kandahar University,Female
Erastus,55,Kawengan,Universidade Federal da Bahia,Male
Scott,35,Rafael Hernandez Ochoa,"Indian Institute of Technology, Roorkee",Male
Kelly,68,Káto Dhiminió,Bastyr University,Male
Mikey,33,Zhengji,International Buddhist University,Male
Margy,17,La Colorada,National University of Science and Technology,Female
Justinn,28,Apucarana,Yaroslavl State Medical Academy,Female
Sheppard,21,Changshan,Asahikawa University,Male
Bethina,34,Shanmuqiao,Universidad Nacional Agraria La Molina,Female
Gardy,43,Växjö,Universidad Amazonica de Pando,Male
Darlleen,49,Almolonga,International Kazakh-Turkish University,Female
Sheffield,67,Auriflama,University of Wassit,Male
Dimitri,55,Vannes,"Florida Metropolitan University, Tampa College",Male
Leighton,69,Ulricehamn,Bethlehem University,Male
Kriste,64,Ozubulu,University of Maryland at Baltimore,Female
Meier,65,Ilembula,South Asian University,Male
Emelita,14,Huazhou,Campbell University,Female
Raff,50,Hennenman,University of St. Jerome's College,Male
Yardley,45,Gulou,Connecticut College,Male
Sloan,64,Bagé,Miyazaki Medical College,Male
Esma,26,Jeziorzany,College of the Rockies,Female
Elyssa,56,Kopong,Universitas Ibn Khaldun Bogor,Female
Gibby,40,Al Ḩammāmāt,University of Illinois at Springfield,Male
Freeman,54,Pasatan,Zhengzhou University of Technology,Male
Cheston,63,Longkali,Hamilton Technical College,Male
Mickey,69,Kavajë,St. Joseph College,Male
Henrik,57,Luocheng,Universidade Federal do Rio Grande do Norte,Male
Suzanne,33,Paris 12,Academy of Sports and Physical Training,Female
Bert,60,Ngembak,University of Music and Fine Arts,Female
Enid,62,Banjar Pande,"Music Academy ""Stanislaw Moniuszko"" in Gdansk",Female
Etienne,59,Buket Teukuh,Université de Montpellier I,Male
Corri,50,Clisson,Universitas Kristen Maranatha,Female
Ferdinande,40,Khlevnoye,Institut des Sciences de l'Ingénieur de Clermont-Ferrand,Female
Ramon,32,Haicheng,University of Roorkee,Male
Kalinda,50,Mūḩ Ḩasan,Medical Academy in Lublin,Female
Nettle,31,Buđanovci,Universidade Católica de Santos,Female
Lemmie,46,Eshowe,University of Maryland at Baltimore,Male
Curt,41,Sipirok,Technische Universität Clausthal,Male
Maye,13,Janikowo,Universidad Autónoma de Zacatecas,Female
Kristoforo,59,Wujiaying,University of Plymouth,Male
Florrie,24,Jingping,Universität Klagenfurt,Female
Gwenny,46,Aroeira,Tyumen State Agricultural Academy,Female
Dierdre,65,Changping,"Evangelische Fachhochschule Berlin, Fachhochschule für Sozialarbeit und Sozialpädagogik",Female
Ken,45,Portland,Western Kazakhstan Agricultural University,Male
Garek,59,Pai do Vento,Université de Saida,Male
Aryn,46,Jimaguayú,Shanghai University,Female
Alexio,64,Apeldoorn,South China University,Male
Pattie,31,Tampa,Ohio State University - Newark,Female
Brod,43,Zhangdian,Amravati University,Male
Rhett,29,Samut Prakan,Ecole Nationale d'Architecture,Male
Rose,44,Saint-Quentin-en-Yvelines,Chung-Ju National University,Female
Packston,54,Lárdos,Mount Holyoke College,Male
Roscoe,52,Honolulu,Universidad Popular Autonóma del Estado de Puebla,Male
Hubie,26,Khāsh,Pikeville College,Male
Gracie,54,Santa Catalina Norte,Politeknik Negeri Malang,Female
Estele,38,Bilyayivka,Jami Institute of Technology,Female
Dorian,28,Sanlanbahai,Ecole Supérieure de Commerce et Management,Female
Finlay,49,Nizhnevartovsk,Athens School of Fine Arts,Male
Hewett,24,Goiatuba,Zhejiang Normal University,Male
Demetri,58,Saint-Herblain,Istanbul Technical University,Male
Barbabas,64,Rudong,Lynn University,Male
Elmer,44,Veliko Tŭrnovo,Bard Graduate Center for Studies in the Decorative Arts,Male
Stefa,51,Beihe,Berean University of the Assemblies of God,Female
Stearne,23,Garahan,Benadir University,Male
Cirillo,22,Gandoang,Université de l'Uélé,Male
Glynis,70,Aktsyabrski,Pädagogische Hochschule Schwäbisch Gmünd,Female
Butch,70,Tursunzoda,Hebei United University,Male
Weider,52,Ruda Maleniecka,Abant Izzet Baysal University,Male
Nikos,19,Muḩammad Āghah Wuluswālī,Universität Koblenz-Landau,Male
Johan,20,Luci,University of Sibiu,Male
Dukey,64,Yangba,Jinan University,Male
Alaster,63,Filothéi,Osmania University,Male
Susie,56,Yueyahe,University of Delhi,Female
Ewart,32,Padilla,Linguistic University of Nizhny Novgorod,Male
Wendie,45,Kiten,Université de Bandundu Ville,Female
Candi,35,Benešov,Gonzaga University,Female
Lloyd,49,Sukabumi,Institut Teknologi Telkom,Male
Audi,26,Wangi,University of Malta,Female
Leanora,61,Dongsheng,Institut Prima Bestari - Pine Academy ,Female
Garreth,37,Gaotang,Universidad Champagnat,Male
Frederigo,22,Lushuihe,Mekelle Institute of Technology,Male
Cory,20,Macari,Averett College,Male
Kitty,61,Kaa-Khem,Universidad de Cartago,Female
Lavinie,35,Sveg,Universidad Academia de Humanismo Cristiano,Female
Koralle,43,Bulangan,University of New Brunswick,Female
Steffie,42,Grazhdanka,Universidad de Cienfuegos,Female
Ingemar,53,Puyang,Saga Medical School,Male
Riobard,36,Cayambe,Kemerovo State University,Male
Waite,53,Stord,Delta State University,Male
Taylor,34,Piskavica,Beykent University,Male
Odie,25,Hexi,University of Mustansiriyah,Male
Sela,56,Saint-Ambroise,Inchon University,Female
Tabbitha,25,Rîbniţa,University Canada West,Female
Jacky,70,Petropavlovskaya,Fontys University of Applied Sciences,Male
West,21,Nowe Skalmierzyce,Universidade Federal de Pelotas,Male
Niko,62,Pangkalanbunut,Jinnah University for Women,Male
Gary,39,Gaopeng,Universidad Estatal de Bolívar,Male
Drusy,54,Ipueiras,Universidad Pedagógica de El Salvador,Female
Mikol,32,Mīr Bachah Kōṯ,Queensland University of Technology,Male
Mair,64,Mūsá Qal‘ah,Hokkaigakuen University of Kitami,Female
Pincus,48,Jintan,Sultan Abdul Halim Muadzam Shah Polytechnic,Male
Ezekiel,14,Estoril,University of Jazeera,Male
Doloritas,40,Shuangtang,Mansoura University,Female
Heindrick,27,Ålesund,Worcester Polytechnic Institute,Male
Filberte,38,Hongqi,Detroit College of Law,Male
Erl,17,Lingbeizhou,Université de Marne la Vallée,Male
Cherida,41,Menlou,London Business School,Female
Andriette,51,Tatabánya,God's Bible School and College,Female
Ossie,15,Kotlyarevskaya,Dalhousie University,Male
Florance,68,Saint-Eustache,Missouri Baptist College,Female
Heidie,30,Yantian,Université des Sciences Sociales (Toulouse I),Female
Ariadne,36,Nazaré,Université de Bamenda,Female
Omar,64,Nusajaya,Bezalel Academy of Art and Design,Male
Lynnea,36,Araguari,Université de Yaoundé II,Female
Jordain,62,Kralupy nad Vltavou,Halic University,Female
Baryram,65,Pruzhany,Universidade Metodista de Piracicaba,Male
Sibley,33,Osekovo,Babcock University,Female
Dew,21,Srostki,Institucion Universitaria de Envigado,Male
Ingeberg,59,Guyi,Hotelschool The Hague,Female
Leopold,19,Siparia,Ecole Française de Papeterie et des Industries Graphiques,Male
Claudette,57,Loma Alta,Pyramid Education Center,Female
Jarret,35,Oslo,Silla University,Male
Berrie,56,Tshaneni,Central Agricultural University,Female
Ambrose,66,Quanjiang,Southern Wesleyan University,Male
Lorenza,15,Nandayure,University of Molise,Female
Hy,55,Samboan,"Institute of Teachers Education, Tuanku Bainun",Male
Clim,19,Taoyuan,Yonok University,Male
Granny,56,Brest,Universiti Malaysia Perlis,Male
Estella,14,Zhili,Kwangwoon University,Female
Roddy,37,Jamban,Universidad del Valle de Atemajac,Male
Farlee,31,Romanovskaya,Notre Dame Women's College,Male
Roddy,21,Tucumã,Institut Supérieur de Commerce et d'Administration des Entreprises,Male
Leena,41,Koanara,University of Baguio,Female
Thorny,30,Guia,Faculdades Integradas UPIS,Male
Archibold,34,Xinqiao,"Indian Institute of Technology, Kanpur",Male
Darwin,47,Novoul’yanovsk,"Bahauddin Zakariya University, Multan",Male
Shelba,31,Siluko,Lithunian Veterinary Academy,Female
Editha,46,Tomar,Katharine Gibbs School,Female
Worth,44,Shaochang,Bamenda University of Science & Technology,Male
Tawnya,15,Travesía,Boston College,Female
Juan,58,Oktyabr’sk,Universidad Nacional de San Luis,Male
Cornie,16,Xindong,Chongju University,Female
Rich,65,Carangola,Kyoto Seika University,Male
Shari,28,Mhango,Louisiana State University at Alexandria,Female
Alonso,56,Ukata,School for International Training,Male
Benson,62,Książki,Punjabi University Patiala,Male
Zebedee,67,Carvalhal,East-Siberian State Institute of Culture,Male
Amelita,35,Mozelos,Hogeschool voor de Kunsten Utrecht (HKU),Female
Mickie,27,Xishui,Debrecen University of Agricultural Sciences,Female
Rocky,63,Sulyukta,Instituto Universitario de Ciencias de la Salud Fundación H.A. Barceló,Male
Miriam,27,Amaigbo,Harvard University,Female
Idell,27,Shangyi,Hyrcania Institute of Higher Education,Female
Merwin,28,Jindřichov,Kazan State University of Medicine,Male
Elysee,45,Makhalino,Universidad Autónoma de la Laguna,Female
Polly,42,Mae Charim,Allegheny College,Female
Kort,37,Descalvado,Hochschule für Politik (HFP),Male
Deanna,41,Maying,University of Jaffna,Female
Lindie,44,Lac-Brome,Prairie View Agricultural and Mechanical University,Female
Eugenius,47,Lazaro Cardenas,Kostroma State Technological University,Male
Meade,62,Ebene,University College of the Cariboo,Male
Evered,39,Tizguine,Fatih University,Male
Clemmie,37,Postřelmov,Universidade de Cruz Alta,Male
Malvin,41,Kutampi,University of Tennessee - Memphis,Male
Faythe,15,Krapivna,Kyungpook National University,Female
Valentine,20,Purabaya,Polotsk State University,Male
Hersch,19,Górzno,Minia University,Male
Cassandre,38,North Battleford,Staatliche Hochschule für Musik,Female
Muriel,51,Aranos,Iqra University,Female
Celestyna,69,Krajan Demit,Kenya College of Accountancy,Female
Ermengarde,59,Torreira,Escuela Superior Politécnica del Litoral,Female
Clarabelle,40,Watulimo,Universidad Monsenor Oscar Arnulfo Romeo,Female
Forrest,57,Vingåker,San Jose State University,Male
Gabrielle,51,Shirgjan,Graceland College,Female
Upton,61,Charleston,Universitas Katolik Widya Karya,Male
Raychel,56,Francisco I Madero,Kobe Design University,Female
Viola,31,Curry,Athens School of Fine Arts,Female
Vito,16,Kukichūō,Kurgan International University,Male
Andriette,36,Ras al-Khaimah,Mokwon University Taejon,Female
Lorenza,67,Alegria,City University of New York (CUNY) System,Female
Alvy,50,Talayan,Ecole Normale Supérieure de Cachan,Male
Elroy,26,Oslo,The American University in London,Male
Pen,52,Orléans,Saybrook Institute,Female
Eugine,50,Calape,University of Bristol,Female
Shirleen,43,Vrýses,Shaanxi Normal University,Female
Tabbatha,38,Gasi,Eelo American University,Female
Noam,41,Wonosari,"University of California, San Diego",Male
Herbie,25,Jutiapa,Stie Perbanas Surabaya,Male
Sandy,31,Tvøroyri,Azabu University,Female
Gabriel,30,Cilongkrang,Universidad Politécnica de El Salvador,Male
Trev,24,Pirca,"Institute of Teachers Education, Perlis",Male
Avictor,19,Bobowo,Institute of Finance Management,Male
Gregoor,64,Yafan,Ernst-Moritz-Arndt Universität Greifswald,Male
Rivkah,60,Dengjia,Shanghai Maritime University,Female
Mitchael,66,Nelas,Woodbury University,Male
Norean,16,Nesovice,Mongolian State University of Agriculture,Female
Missy,39,Itambé,International Bible College,Female
Johnath,14,Kuala Bhee,Maharaja Sayajirao University of Baroda,Female
Eldredge,69,Yoshii,Universidad Católica de Cuyo,Male
Ricky,30,Sukarama,Universidad de Palermo,Female
Elvyn,41,Zhoutou,"University of Agricultural Sciences, Dharwad",Male
Nahum,56,Prakhon Chai,Ritsumeikan Asia Pacific University,Male
Rudd,47,KwaMbonambi,"City University of New York, Bernard M. Baruch College",Male
Florrie,34,Korczyna,Universidade Estadual de Campinas,Female
Marianna,59,Chavão,Pacific Oaks College,Female
Amery,19,Zhijiang,Grand Canyon University,Male
Filia,37,Valencia,International Academy of  Merchandising and Design Chicago,Female
Frederick,24,Krupka,Tianjin Academy of Fine Art,Male
Sheilakathryn,57,Oke Mesi,Enugu State University of Science and Technology,Female
Gleda,61,Lutoryż,Ahvaz University of Medical Sciences,Female
Pammie,21,San Antonio de Los Altos,Florida University of Medicine,Female
Raviv,40,Uttaradit,Vaasa University of Applied Sciences,Male
Kalli,51,Pailin,Universidad de Alicante,Female
Yuri,33,Enniskerry,"National American University, Albuquerque",Male
Teddie,32,Ramat Yishay,"Fachhochschule Schwäbisch Gmünd, Hochschule für Gestaltung",Male
Clemmie,60,Värnamo,Alpha Omega University,Female
Gregorio,37,Stepnogorsk,Alverno College,Male
Ashton,68,Loučovice,University of Pannonia,Male
Colline,42,Baborów,School of Planning and Architecture,Female
Waverley,27,Dolgoprudnyy,Universidad Pontificia de Salamanca,Male
Neille,28,Omaha,Tashkent State Agrarian University,Female
Law,15,La Ferté-Bernard,Timirjazev Moscow Academy of Agricultutre,Male
Burnaby,41,Yashiro,Kuzbass State Technical University,Male
Kenon,47,Kluczbork,Technical University of Gabrovo,Male
Almeda,54,Gävle,American University of Armenia,Female
Donaugh,22,Rungkam,Ecole Supérieure de Commerce de Paris,Male
Bernard,21,Isyangulovo,Kashan University,Male
Pauly,64,Béoumi,Fondation Universitaire Luxembourgeoise,Male
Fraser,38,Szemud,Tiffin University,Male
Boyce,45,Combapata,Wesley College Mississippi,Male
Rachael,69,Yacheng,United States International University,Female
Fifi,46,Suru,University of Constanta,Female
Judd,46,Saint Helier,St. Petersburg State Conservatory,Male
Vittorio,28,Geoktschai,Ecole Nationale des Sciences Géographiques,Male
Siward,35,Lumbac,Universität Klagenfurt,Male
Norean,54,Buenavista,Maxim Gorky Institute of Literature,Female
Ursulina,48,Oklahoma City,"University of Maine, Fort Kent",Female
Loreen,68,Pergamos,Universidade Católica de Brasília,Female
Melvin,22,Abhar,University College of Nabi Akram,Male
Kelley,14,Tintina,Zetech College,Male
Nikki,43,Dobrljin,Azerbaijan University,Female
Maury,48,Shiraoi,Nagasaki Institute of Applied Science,Male
Lydie,34,Bhalwāl,Southeastern Oklahoma State University,Female
Cornie,61,Kertapura,Seattle University,Male
Meta,47,Hayange,Dongshin University,Female
Wendye,26,Kotadukuh,Suwon University,Female
Chloe,51,Borlänge,Universidad Católica de Valencia,Female
Rube,38,Kuala Lumpur,Mercy College,Male
Nelli,52,Novosil’,University of Maryland at Baltimore,Female
Cleon,19,Santa Ana,Rheinische Friedrich-Wilhelms Universität Bonn,Male
Filippo,54,Landim,Universidade Católica de Pernambuco,Male
Ginevra,33,Podporozh’ye,"Hochschule Wismar, Fachhochschule für Technik, Wirtschaft und Gestaltung",Female
Shantee,34,Ludvika,Link Campus University of Malta,Female
Wolfy,69,Kushima,Darul Huda Islamic University,Male
Valerie,29,Albuquerque,Universidade de Santa Cruz do Sul,Female
Annmaria,59,Sukakarya,Universidad San Francisco de Quito,Female
Reinald,38,Zheleznogorsk,Arba Minch University,Male
Blaine,42,Vári,Ukrainian Academy of Banking,Male
Nerita,36,Xiasha,St. Mary's College of Maryland,Female
Sidonia,23,Nkhotakota,Lausanne Hotel School (EHL),Female
Cazzie,36,Huayan,Dokuz Eylül University,Male
Lyndsie,21,Neftegorsk,Universidad Nacional de San Antonio Abad,Female
Monroe,42,Bagroy,Al-Jabal Al-Gharbi University,Male
Montgomery,35,Dongguang,Bogor Agricultural University,Male
Cleopatra,33,Virginia Beach,University of Lausanne,Female
Jessie,24,Calomboyan,Politeknik Negeri Padang,Female
Toni,53,Naushahro Fīroz,Bayero University Kano,Female
Sandy,44,Parengan,"Mahatma Gandhi University, Kerala",Male
Marigold,38,Xiaojie,Tamil Nadu Agricultural University,Female
Prentice,25,Besah,University of Lausanne,Male
Winnifred,24,Ordynskoye,Northwestern University In Qatar,Female
Pate,21,Venlo,Mahamakut Buddhist University,Male
Brita,24,Aytos,Ecole Catholique d'Arts & Metiers,Female
Ardella,44,Đưc Trọng,Standford Online University,Female
Ailbert,21,Ubonratana,Timirjazev Moscow Academy of Agricultutre,Male
Nissy,40,Kulautuva,University of the Ozarks,Female
Shelby,45,Chiara,Wesley College,Female
Nathanil,20,Zamostochcha,Université Paris Sud (Paris XI),Male
Merell,52,San Isidro,Hochschule Esslingen,Male
Dur,31,Borlänge,"International University of Fundamental Studies, St. Petersburg",Male
Melesa,55,Erniusuokou,University of Bihac,Female
Berenice,36,Marumori,San Beda College,Female
Patten,61,Pilar,American University of Antigua,Male
Codi,56,Tulsa,Burdwan University,Female
Erroll,17,Sierpc,Rose-Hulman Institute of Technology,Male
Bell,28,Zhongcheng,University of Constanta,Female
Jonis,39,Guadalupe,International University School of Medicine (IUSOM),Female
Ximenes,14,Shangyuan,Ludong University,Male
Page,45,San Juan,Shannon College of Hotel Management,Female
Tedd,57,Télimélé,York University,Male
Bobbie,51,Hanghuadian,South Carolina State University,Male
Kean,14,Del Pilar,Ecole Nationale Supérieure d'Electronique et de Radioelectricite de Bordeaux,Male
Deonne,37,Los Córdobas,Lawrence University,Female
Theresita,15,Béoumi,Babson College,Female
Bridget,30,Barkol,American International College,Female
Jedidiah,32,Xinkai,Chongqing University of Communications,Male
Iain,53,Ladário,Mills Grae University,Male
Johnna,52,Tsaghkadzor,"Webster University, Vienna",Female
Bevvy,47,Banjar Anyar,National University,Female
Trenna,40,Andamui,Bloomsburg University of Pennsylvania,Female
Neville,33,Baculin,Sabzevar School of Medical Sciences,Male
Carol,63,Vysehrad,Slovak University of Agriculture in Nitra,Female
Currie,13,Bor,Instituto Politécnico da Guarda,Male
Paddy,26,Ovsyanka,University of Management and Technology ,Male
Vernen,66,Pancan,Instituto Universitario de Ciencias de la Salud Fundación H.A. Barceló,Male
Waverly,31,Kihangara,Northern Illinois University,Male
Allison,31,Don Matías,Universidad de Hermosillo,Female
Sayre,65,Łapanów,Institut Supérieur d'Agriculture Rhone-Alpes,Female
Norry,28,Tirapata,Universidad de Magallanes,Female
Waylon,40,Hukvaldy,Institut des Sciences de l'Ingénieur de Clermont-Ferrand,Male
Portia,53,Mocoa,Korea National University of Arts,Female
Melany,23,Laohugang,Athlone Institute of Technology,Female
Hunt,19,Oslo,Anderson University,Male
Chiquia,40,Peabiru,"Sikkim Manipal University of Health, Medical and Technological Sciences",Female
Wynn,35,Midland,Instituto Politecnico do Porto,Female
Evelina,44,Shitang,Medical College of Ohio,Female
Fernanda,33,Lembanah,Sungshin Women's University,Female
Corty,18,Cijayana,Puget Sound Christian College,Male
Sasha,67,Citambal,Kyoto Prefectural University,Male
Torrie,51,Zahedan,Fukui Medical School,Female
Kerrie,16,Hŭngnam,Kwangju National University of Education,Female
Farris,69,Tilburg,Kansas City Art Institute,Male
Filippo,57,Skellefteå,"Universidad Nacional de La Libertad, Trujillo",Male
Craggy,53,Āqchah,Ural State University of Economics,Male
Harland,35,Solna,Far Easten State University of Humanities,Male
Issie,56,Amman,Ivanovo State Academy of Medicine,Female
Ernesto,69,Ventsy,European University Cyprus,Male
Carolyn,66,Velyka Bahachka,Yamagata University,Female
Finn,14,Posadas,Universitas Negeri Makassar,Male
Schuyler,33,Al Qanāyāt,Renmin University of China,Male
Codie,43,Silver Spring,Shandong University of Art and Design,Male
Raimund,63,Quţūr,Second University of Naples,Male
Arlina,61,Obo,Université Lumiére (Lyon II),Female
Giffy,19,Muara Sabak,Dominican University,Male
Egor,57,Velille,University Marien Ngouabi Brazzaville,Male
Whitman,56,Ibitinga,Uzbek State World Languages University,Male
Lexi,33,Jingu,Fachhochschule Hannover,Female
Penny,17,Sosándra,Gifu Shotoku Gakuen University,Female
Joceline,18,Leuwihalang,Université de Gafsa,Female
Osmund,63,Kamenica,Brest State Technical University,Male
Irene,20,Voskop,Universidade do Porto,Female
Pascale,15,Pokrovo-Prigorodnoye,RMIT International University Vietnam,Male
Felizio,43,Colmeal,Osun State University,Male
Esra,55,Shanhaiguan,Université de Versailles Saint-Quentin-en-Yvelines,Male
Megan,36,Shenkou,Ecole des Ingénieurs de la Ville de Paris,Female
Analiese,30,Bauta,La Salle University,Female
Odilia,15,Duqu,KROK Economics and Law University,Female
Stanwood,25,Tunguang,Universidad San Francisco Xavier de Chuquisaca,Male
Phaedra,28,Guancangping,West China University of Medical Sciences,Female
Boot,44,Shuinan,Nara Sangyo University,Male
Kalila,18,Victoria,Sungkyul University,Female
Arleta,18,Montenegro,Wayo Women's University,Female
Adrea,22,Changzheng,All Nations University College,Female
Dall,64,Santander,Moscow State University of Culture,Male
Kirk,54,Solikamsk,International Blacksea University,Male
Andria,30,Manchester,Instituto Superior Politécnico José Antonio Echeverría,Female
Gianni,34,Papelón,Iasar University,Male
Ameline,19,Rantaupanjangkiri,NED University of Engineering and Technology Karachi,Female
Dore,46,Garhi Khairo,Omsk State Technical University,Male
Lisle,43,Chamical,Jingdezhen China Institute,Male
Adriane,33,Guadalupe,Kampala International University,Female
Lyssa,57,Tenja,Moscow State Industrial University,Female
Giralda,60,Dzorastan,Nelson Mandela Metropolitan University,Female
Abbi,15,Guabito,Berry College,Female
Orin,65,Gutang,Kushiro Public University of Economics,Male
Armand,58,Araçuaí,Texas Christian University,Male
Constantine,37,Guanay,University of Fort Hare,Female
Marni,35,Chengxiang,Renmin University of China,Female
Raimundo,15,Stony Hill,American Jewish University,Male
Moritz,23,Skole,Popakademie Baden-Württemberg,Male
Stanly,28,Providence,Pennsylvania State University - Altoona,Male
Ive,56,Chartres,Willamette University,Male
Audy,64,Jutaí,University of Opole,Female
Franklin,38,Xufeng,Universidad Tecnológica de Pereira,Male
Celestine,37,Overyata,University of Mary,Female
Corenda,25,Pallasovka,Brescia University,Female
Eba,42,Ad Dann,Pacific College of Oriental Medicine,Female
Lulu,16,Chaumont,Palestine Polytechnic University,Female
Cullan,15,Muyuka,Grodno State Medical University,Male
Abner,69,Neresnytsya,Institute of Management and Business Technology,Male
Isidor,18,Ridderkerk,Mount Mercy College,Male
Briana,31,San Marcos,Karnataka State Open University,Female
Archibald,37,Garoua Boulaï,Nipissing University,Male
Obediah,68,Carmo do Cajuru,Université Claude Bernard (Lyon I),Male
Anatollo,67,São Roque,Technical University of Czestochowa,Male
Pascal,27,Bachowice,Sumy State University,Male
Padget,31,Lingkou,Jiaying University,Male
Shawnee,68,Alpedrinha,"Swiss Federal Institute of Technology, Zurich",Female
Hayes,16,Żółkiewka,Universidad de Mendoza,Male
Ryley,36,Zīrakī,D'Youville College,Male
Emyle,44,Chantal,State University of New York College of Technology at Alfred,Female
Jenda,57,Hisor,Xavier University,Female
Clemmy,63,Pameče,Universidad Autónoma del Carmen,Female
Robbert,38,Mossel Bay,Tianjin University of Technology,Male
Dulcie,13,Staroshcherbinovskaya,University of Oulu,Female
Janessa,34,Envigado,Moscow State Academy of Applied Biotechnology,Female
Tedmund,59,Dallas,Doane College,Male
Claiborne,65,Poitiers,Don Mariano Marcos Memorial State University,Male
Pip,50,Saint-Quentin-en-Yvelines,Augusta State University,Male
Aharon,44,Prince Albert,Capital University of Medical Sciences,Male
Dom,43,Međa,Aleksander Gieysztor School of Humanities in Pultusk,Male
Sigismondo,42,Maclear,Tokyo University of Art and Design,Male
Laryssa,29,Tucuran,Queens University,Female
Myles,22,Hecun,Somaliland University of Technology,Male
Emmett,60,Den Haag,Universidad Católica de Cuenca,Male
Blake,45,Yevpatoriya,Bashkir State University,Male
Monty,56,Gunan,Vanderbilt University,Male
Zebulon,65,Trollhättan,University of Primorska,Male
Agosto,56,Enschede,Oakland City University,Male
Hulda,24,Kubachi,Duksung Women's University,Female
Noni,42,Massy,"Rasmussen College, Wisconsin Campuses",Female
Rowan,33,Tena,Kanto Gakuen University,Male
Dennie,52,Karangbadar Kidul,Pontificia Universidad Católica del Perú,Female
Keely,50,Jaquimeyes,Azerbaijan State Economic University,Female
Jarrod,37,Cabudare,Mount Ida College,Male
Egor,60,Kalipare,"St. Francis College, Fort Wayne",Male
Pren,66,Nanqiu,Baika Women's College,Male
Nelson,30,Renxian,Paul University,Male
Hyacinth,57,Krasnokumskoye,Clarke College,Female
Merissa,69,Pudong,Kabarak University,Female
Gerick,29,Alue Glumpang,Ashiya University,Male
Judon,51,Buta,Lamar University - Port Arthur,Male
Arlin,50,Cipanggung,Universidad Nacional San Luis Gonzaga,Male
Van,18,Pražmo,Technische Universität Clausthal,Female
Wilden,22,Dalang,Meio University,Male
Bevon,21,La Jutosa,"California State University, San Bernadino",Male
Matty,40,Kotlas,Amirkabir University of Technology,Female
Wilone,41,Noyal-sur-Vilaine,Shanghai Lixin University of Commerce,Female
Maury,33,Yucheng,"University of Moncton, Shippagan",Male
Bentlee,49,Wujiao,"Universidad Nacional Experimental ""Simón Rodriguez""",Male
Osmund,56,Sindang, Dedan Kimathi University of Technology,Male
Marylee,70,Jibu,Kirchliche Hochschule Wuppertal,Female
Rochella,16,Bosanski Brod,Hogeschool van Amsterdam,Female
Sydney,60,Poste de Flacq,Universidade Metropolitana de Angola,Male
Mason,15,Hongcao,St. Mary's College of Maryland,Male
Eamon,44,Nyuksenitsa,University of Connecticut,Male
Donielle,37,Douma,Tokyo University,Female
Urban,44,Cowansville,Kota Bharu Polytechnic,Male
Maddy,13,Bakersfield,University of Technology Phnom Penh,Female
Armando,36,Skärholmen,Universitas 17 Agustus 1945 Semarang,Male
Clareta,29,Zhetang,St. Andrews Presbyterian College,Female
Giusto,41,Guta,Al-Ahliyya Amman University,Male
Hartley,68,Petrijevci,Carroll College Helena,Male
Ema,43,San Antonio de los Cobres,Universidad Norbert Wiener,Female
Der,17,Wuhu,Zanjan Institute for Advanced Studies in Basic Sciences,Male
Hussein,41,Niños Heroes,Sultan Ahmad Shah Islamic College,Male
Jesse,53,Champagnole,Debre Birhan University,Male
Julian,27,Boulaide,Sultanah Bahiyah Polytechnic,Male
Corrie,53,Farsta,Cyprus International University,Female
Brenden,69,Washington,Université Mohammed V - Agdal,Male
Maje,45,Dolgoderevenskoye,Shandong Economic University,Male
Minetta,65,Singosari,Dirección General de Institutos Tecnológicos,Female
Lexis,57,Parizh,Gulbarga University,Female
Harp,40,Xin Bulag,Changwon National University,Male
Talya,18,Uherský Brod,"City University of New York, Hunter College",Female
Marcel,56,Zhangdian,St Clements University - Higher Education School,Male
Viva,40,Guanzhou,Al-Jabal Al-Gharbi University,Female
Norma,43,Bechlín,University of Charleston South Carolina,Female
Irwin,33,Taoshan,Université Ibn Zohr Agadir,Male
Daria,65,Tianchi,Centro de Estudios Investigación y Tecnología (CEIT),Female
Isobel,24,Göteborg,University of Lower Silesia of the Association for the Advancement of Education in Wroclaw.,Female
Town,46,Teuva,Southwestern Oklahoma State University,Male
Erhart,40,Jiakexi,Acadia University,Male
Bar,24,København,Universitas Muria Kudus,Male
Cornie,48,Clogherhead,Fachhochschule Gießen-Friedberg,Male
Mikel,33,Sarykemer,Kyoto University of Art and Design,Male
Mel,45,Memphis,Lviv Medical University,Male
Renato,21,Várzea,Jagannath University,Male
Carley,25,Risaralda,University of Limerick,Female
Jerome,34,Kalynivka,Pangasinan State University,Male
Lona,25,Futaleufú,Pioneer International University,Female
Reamonn,45,Santa Ana,Tarim University,Male
Crichton,49,Kidangbang,Christ University,Male
Wesley,39,Chengbei,Lynchburg College,Male
Sabina,41,Haozigang,Chestnut Hill College,Female
Manya,25,Capalonga,Northrise University,Female
Delphinia,52,Parreira,Technological Education Institute of Kozani,Female
Pamelina,13,Laguna Salada,University of the Philippines Visayas,Female
Norah,45,Krajan Pocangan,"Universitas Pembangunan Nasional ""Veteran"" East Java",Female
Shannon,58,Danan,Southwest Missouri State University - West Plains,Male
Meir,24,Valencia,Universität Konstanz,Male
Duncan,61,Shtip,Central Buganda University,Male
Nonie,30,La Calera,Université de Yaoundé I,Female
Lyle,21,Miłakowo,Technological Education Institute of Patras,Male
Carter,43,Nogueira,University of Southern Mindanao,Male
Kendra,29,Chita,Providence College,Female
Huberto,59,Sadananya,"Politécnico Columbiano ""Jaime Isaza Cadavid""",Male
Webb,16,Annonay,Universidad Veracruzana,Male
Kathie,30,Mungui,Kansas City Art Institute,Female
Devy,55,Bagumbayan,West University of Timisoara,Male
Luigi,42,Kuivaniemi,University of Science and Technology Sana'a,Male
Myrna,56,Hidalgo,The College of The Bahamas,Female
Clem,63,Mexico,Hamilton College,Male
Gwenneth,17,Sukasenang,Methodist College,Female
Ally,51,Klole,Universidad La Salle Cuernavaca,Female
Debor,33,Barranca,Kendall College of Art and Design,Female
Caspar,68,Xuxiake,Lahore University of Management Sciences,Male
Galvan,65,Vogar,Georgian Technical University,Male
Raddie,32,Stockholm,Florida University of Medicine,Male
Lena,14,Hai’an,Hogere Zeevaartschool - Maritime Academy,Female
Brant,21,Visby,State University of Tetova,Male
Norton,30,Arīḩā,University of Massachusetts at Amherst,Male
Jasper,47,Rennes,"Kyrgyz State University of Construction, Transportation and Architecture",Male
Kimbell,58,Kozhanka,Hochschule Vechta,Male
Marjie,38,Brest,Southern University - New Orleans,Female
Bryce,14,Kozy,Universidad Autonoma del Sur,Male
Shannen,67,Fangtang,Kigali Institute of Science & Technology,Female
Ronda,25,Chabu,Chadron State College,Female
Jonah,43,Kuidou,University of Trinity College,Male
Ogden,17,Jiangdulu,Academy of Public Administration of Belarus,Male
Elga,42,Piraí do Sul,Indiana University - East,Female
Aguste,39,Tawa,Meiji University of Oriental Medicine,Male
Lazar,68,Kerek,Université de la Reunion,Male
Cally,40,Kítsi,Southern Denmark Business School,Female
Eugenius,62,Sungaibengkal,University of Southern Queensland,Male
Dinnie,35,Juntang,"Universidad de Puerto Rico, Utuado",Female
Cindy,63,Sidomukti,Christ University,Female
Kamilah,30,Hongtang,State University of New York at Stony Brook,Female
Obadias,57,Pupiales,University of Calcutta,Male
